name,chr,start,end,TargetGene,n,EnhancerEffect.noAux.Rep1,EnhancerEffect.Aux.Rep1,EnhancerEffect.noAux.Rep2,EnhancerEffect.Aux.Rep2,EnhancerEffect.noAux,EnhancerEffect.Aux,ci95.EnhancerEffect.noAux.Rep1,ci95.EnhancerEffect.Aux.Rep1,ci95.EnhancerEffect.noAux.Rep2,ci95.EnhancerEffect.Aux.Rep2,ci95.EnhancerEffect.noAux,ci95.EnhancerEffect.Aux,CohesinDependence.Rep1,ci95.CohesinDependence.Rep1,CohesinDependence.Rep2,ci95.CohesinDependence.Rep2,CohesinDependence,ci95.CohesinDependence,pval.EnhancerEffect.noAux.Rep1,pval.EnhancerEffect.noAux.Rep2,pval.EnhancerEffect.noAux,pval.EnhancerEffect.Aux.Rep1,pval.EnhancerEffect.Aux.Rep2,pval.EnhancerEffect.Aux,pval.CohesinDependence.Rep1,pval.CohesinDependence.Rep2,pval.CohesinDependence,adj.pval.EnhancerEffect.noAux.Rep1,adj.pval.EnhancerEffect.noAux.Rep2,adj.pval.EnhancerEffect.noAux
chr11:69064046-69065281,chr11,69064046,69065281,CCND1,10.0,0.12083329981371382,0.1573560470374961,0.07131009698418034,0.010313992976647946,0.09607169839894708,0.08383502000707202,0.051181911014404446,0.03308018956921661,0.05652353734432676,0.08692545206406231,0.03748423349666058,0.056994746966155134,-0.3022573022510235,0.4776489649754357,0.8553641992811183,1.6764730988753596,0.12737027236742562,0.8058119956588492,0.011571540764147757,0.1300840391147163,0.01017433572042252,0.003152221012691971,0.860247596416851,0.05106165599778498,0.24622749862022963,0.3434252623183454,0.7637614318679432,0.09379038303572393,0.6144148383096071,0.08246566847079305
chr11:69167427-69167927,chr11,69167427,69167927,CCND1,10.0,0.01863274627702155,0.13008459804254027,-0.036571295005919956,-0.01102365083545459,-0.008969274364449276,0.05953047360354287,0.06513597971664062,0.05319911609143754,0.039427897415417516,0.10569763497334624,0.03714639507931363,0.05287487743684238,-5.981504288660053,4.391848436345653,0.698570946594311,-2.9893897045828517,7.637156049044249,-4.718384750656271,0.6943360399948604,0.42557381767428626,0.80489499306951,0.015000595410570397,0.8544038564469103,0.15994877905258276,0.02564624156288642,0.6577960688284551,0.011321359677360383,1.0,0.977772774419502,1.0
chr11:69450980-69451637,chr11,69450980,69451637,CCND1,10.0,0.12522537982692744,0.11014893418053633,0.03551010409534794,0.04011837060806528,0.08036774196113769,0.07513365239430078,0.037789916122822384,0.05446363377851396,0.04478405735532591,0.06431659998633174,0.026968283781960423,0.04313891098472049,0.12039448925791321,0.5954582496434041,-0.12977338788823883,2.2599289387022945,0.06512674661642069,0.6494956322953936,0.008160711140791473,0.4414363693755593,0.02819590626891522,0.03827950472637613,0.48346844386956656,0.0738679508655821,0.7011237499299965,0.9128574390263383,0.8485579897898331,0.07392644209893452,0.977772774419502,0.17368678261651777
chr11:69452744-69454122,chr11,69452744,69454122,CCND1,10.0,0.19118793307612322,0.18291815804292888,0.13926717527629798,0.20213888658393453,0.1652275541762106,0.1925285223134317,0.050239186063880406,0.07561397125109745,0.044460970437602824,0.0408210179708935,0.039003114322212346,0.04547920595874693,0.04325469134028266,0.4591592140888247,-0.45144673310780326,0.45712384598259376,-0.16523253807960717,0.3771901274398699,0.00046922677157191085,0.008403403521917213,0.00013432546934620196,0.00297267721124767,0.0019763651776523164,0.00010170302074553541,0.8734963037714647,0.12700822983755247,0.4676234054798567,0.007173381323409332,0.11764764930684099,0.0018708738066245156
chr11:69455280-69456448,chr11,69455280,69456448,CCND1,10.0,0.5315820930409616,0.4996016653386358,0.49478999099233506,0.5024039849883878,0.5131860420166483,0.5010028251635119,0.09039594889505413,0.09089403865318568,0.11370826490347145,0.10470967055926148,0.09851520443114656,0.08850515499974577,0.060160844620214586,0.07098566985235749,-0.015388334717083636,0.1801575610281151,0.023740351170231575,0.07862742122905969,1.5749290671145857e-15,1.1385918798491443e-13,5.753181078410144e-18,6.46507331831228e-13,1.2520208626342402e-11,3.6411370196245547e-16,0.1310581765725687,0.8707446224020148,0.5685553948583861,2.425390763356462e-13,1.7534314949676822e-11,8.859898860751621e-16
negative_control,negative_control,,,CCND1,50.0,-1.9984014443252817e-17,-1.1324274851176597e-16,2.2648549702353194e-16,1.3988810110276973e-16,1.1990408665951691e-16,6.661338147750939e-18,0.03912835574116973,0.044006462597688055,0.03894930236039683,0.04796197760385159,0.030649838443430173,0.03496754289912173,-0.42,-253110484931809.16,0.26666666666666666,202362230719769.0,1.02,431534511019459.3,1.0,1.0,1.0,1.0,1.0,1.0,0.9999999999999973,0.999999999999998,0.9999999999999963,1.0,1.0,1.0
chr11:69064046-69065281,chr11,69064046,69065281,CTTN,10.0,0.0243873747232737,0.05983993223181041,-0.05521822578813464,-0.0057363360592034285,-0.015415425532430494,0.02705179808630349,0.06893344596633166,0.057383839192571715,0.04858665464202321,0.0640331596102741,0.042088254221276475,0.032024565474366364,-1.453725868848981,3.0745751371760983,0.8961151689079433,-1.3565397009144617,2.754852503383219,-4.105202713509237,0.5743367129082856,0.24883814419502664,0.5610716519797465,0.11235665037834502,0.8923488637096284,0.26919162413750697,0.37824795243033693,0.22763382312761002,0.2209353580511428,1.0,0.8661190169133864,1.0
chr11:69167427-69167927,chr11,69167427,69167927,CTTN,10.0,-0.03604477372791977,-0.02731769418207044,-0.00034435093350522196,-0.061749281586533734,-0.018194562330712503,-0.04453348788430206,0.05774952691872031,0.03641534090601119,0.025291085605945052,0.05403235703987563,0.02991742635837517,0.0365376320053284,0.24211775087630577,-1.5853490503460859,-178.32079044481233,-213.4651864180771,-1.4476262234200248,-3.0275065385152042,0.39842851169020255,0.9941186432235317,0.47925080358477645,0.4486527697930147,0.14235171055087661,0.07491993140654638,0.771481640644226,0.1359915609901689,0.37312717625648884,1.0,1.0,1.0
chr11:69450980-69451637,chr11,69450980,69451637,CTTN,10.0,-0.007904381273491235,-0.012547934892108347,-0.014868695533865283,-0.10917877930693645,-0.01138653840367827,-0.06086335709952244,0.04521573264254868,0.05270722163520044,0.059097481376254736,0.04195924703314986,0.029180193840274784,0.04550712048065916,-0.5874657937098802,-8.566326350744085,-6.342861992046877,-5.812738330111132,-4.345202812459811,-5.02895599656463,0.8500560291854111,0.7577421918029279,0.6569873844145948,0.7342161648025962,0.0097303499113723,0.01922314121402917,0.8960332174665986,0.061145153351944516,0.12460463821551084,1.0,1.0,1.0
chr11:69452744-69454122,chr11,69452744,69454122,CTTN,10.0,-0.01624298718011699,0.003896341352770838,-0.060176944972226545,-0.1313447015094807,-0.03820996607617168,-0.06372418007835494,0.0629012742363269,0.055222821494935036,0.10303951951905282,0.07438784143724013,0.0696746308406889,0.04621763683289751,1.2398783739446793,-5.994132280071324,-1.182641567631927,-2.208512003430731,-0.6677371540011475,-1.940130747398184,0.7322236595950926,0.2897286472313917,0.23009635138688447,0.9243438934662267,0.007500639073711297,0.02581808467275322,0.7275888874307723,0.37910763464259806,0.5652997060230724,1.0,0.8672062813509797,0.7703225676865263
chr11:69455280-69456448,chr11,69455280,69456448,CTTN,10.0,-0.002953478743756899,-0.029304346805592317,-0.07837335840391063,-0.08135518184802794,-0.04066341857383378,-0.05532976432681016,0.07482643679675353,0.03451662975301,0.04337600269033548,0.06369655814309814,0.037609559761152524,0.0424061302557518,-8.9219765395423,-30.677593690654966,-0.03804639108037153,-0.9066740115121846,-0.3606766540384746,-1.2036398787790892,0.9462818767079779,0.10191596725797028,0.12380321160111911,0.41534531752966874,0.05863914227750265,0.03089002501306618,0.5826066475145943,0.9362506847043472,0.5714246574398619,1.0,0.5812984799158305,0.5607557231344807
negative_control,negative_control,,,CTTN,50.0,-1.4654943925052067e-16,-2.220446049250313e-18,-6.661338147750939e-17,-8.43769498715119e-17,-1.0658141036401502e-16,-1.9984014443252817e-17,0.03518574293210767,0.03038388064325456,0.04020222557910474,0.03462801683509778,0.021491034805776393,0.020197631156604584,0.65,-208869393113932.5,inf,inf,-inf,inf,1.0,1.0,1.0,1.0,1.0,1.0,0.9999999999999951,0.9999999999999996,0.9999999999999956,1.0,1.0,1.0
chr11:69064046-69065281,chr11,69064046,69065281,ANO1,10.0,0.11258617950734331,-0.009960106866876817,0.18885232948144215,0.29942547197647296,0.15071925449439266,0.14473268255479804,0.2395495058437062,0.39646647186283274,0.27884590720744684,0.33317237471508426,0.17258687353452937,0.3049339030067314,1.0884665143666874,4.004076781165814,-0.5855005484901709,1.765921499738525,0.03972002090693294,2.3568765430990433,0.6878281669353714,0.5118529359979865,0.44166306330578275,0.9667596773678593,0.4600236910502442,0.5207252404716336,0.6070710247775899,0.5320244622992476,0.9743704040649097,1.0,0.9977892676416447,0.9990244592100832
chr11:69167427-69167927,chr11,69167427,69167927,ANO1,10.0,0.08723172539930134,0.29102422804817196,0.4425867327721325,0.3229008587796035,0.2649092290857169,0.30696254341388773,0.2520040740462653,0.26796702320064025,0.27170188098860465,0.4366194544434844,0.1577918529395289,0.2379520263091198,-2.336220013028687,5.011762203425194,0.27042354668627155,1.1826438668823809,-0.15874612777104705,0.7664858748014289,0.755943050490578,0.12691688271850732,0.17723657626745254,0.20908915773571693,0.4311895979733501,0.16828739834601955,0.38472400260581585,0.6646220939856604,0.6942730180250549,1.0,0.6144148383096071,0.7325484197609913
chr11:69450980-69451637,chr11,69450980,69451637,ANO1,10.0,-0.09539874551332703,0.29312459277795,-0.02057553846540596,0.07715269414423324,-0.05798714198936652,0.18513864346109163,0.46198358560794117,0.2423392601407124,0.4969098990576965,0.38086943918781246,0.3414959333035551,0.2376453662439608,4.072625234228058,-3.7331902673992023,4.749729042277612,-25.73518901687437,4.192753377896117,-4.808203862684942,0.7451075930813216,0.9455770109476315,0.7783757842827155,0.20315451481552635,0.849445631823089,0.4035100469513909,0.06119911528957913,0.7258930146949565,0.12160039073734262,1.0,1.0,1.0
chr11:69452744-69454122,chr11,69452744,69454122,ANO1,10.0,0.0648788615723715,0.1867060210231859,0.08085740316798848,0.1292269135862502,0.07286813237018003,0.15796646730471803,0.3190236134896827,0.1613412545700796,0.37643852582241355,0.358557115361914,0.2930360568914157,0.17546213913363423,-1.8777635195543279,6.062090778772173,-0.5982075669406519,5.856861167516252,-1.1678402089712818,4.242644898377386,0.8370581197799256,0.8033389976095503,0.7447799811636158,0.45854308769190455,0.7748600525494613,0.5167166826778449,0.6039652906175536,0.8629664109342106,0.6441354003909712,1.0,1.0,1.0
chr11:69455280-69456448,chr11,69455280,69456448,ANO1,10.0,0.13284726027716381,0.2557244214039773,0.16672399004065847,0.1638438489330169,0.1497856251589111,0.20978413516849712,0.22639064466783632,0.22885277770543175,0.41837703624603306,0.36473163820971305,0.22642211983308752,0.2639462980567006,-0.9249506604084317,1.9902797142391342,0.01727490511077125,4.070208399294931,-0.4005625369319128,2.7235383484472373,0.6348654878917812,0.5731747992059861,0.4506137037165967,0.2646890253569668,0.6864940520307772,0.3474104082794067,0.38610559486568974,0.9935441961898244,0.7796719714244041,1.0,1.0,0.9990244592100832
negative_control,negative_control,,,ANO1,50.0,-9.992007221626409e-17,-4.4408920985006264e-17,5.329070518200751e-17,1.4432899320127036e-16,2.220446049250313e-18,5.10702591327572e-17,0.23832958793297285,0.1927348750473538,0.24329168810522017,0.34460425054568,0.16610619171342014,0.18603052752801597,0.3,-1421393155604010.2,-0.74,3760357731717035.5,-inf,inf,1.0,1.0,1.0,1.0,1.0,1.0,0.9999999999999997,0.9999999999999997,0.9999999999999996,1.0,1.0,1.0
chr11:69064046-69065281,chr11,69064046,69065281,FADD,10.0,-0.06153539872403975,0.034324217941340704,-0.006269264347988734,0.014629601043690942,-0.03390233153601423,0.024476909492515853,0.08623921571540011,0.07764665389053667,0.05860204801553991,0.09216532488583996,0.051997066621949244,0.0724374450973336,1.5577963034784323,-1.9346416108368631,3.333543495958097,-20.025630461770675,1.7219830726542824,-2.8775489377669192,0.3759301510962536,0.9191207976655076,0.463185969500316,0.5048208804991858,0.796374548733999,0.5350698801618787,0.14897216337294225,0.7516796980852538,0.27094199595129514,1.0,1.0,0.9990244592100832
chr11:69167427-69167927,chr11,69167427,69167927,FADD,10.0,0.027864103655978457,0.04773574174004418,0.008702764353937176,-0.07884106164122866,0.01828343400495782,-0.01555265995059223,0.08305100769600153,0.060899308523105794,0.05934860705514822,0.06607526467767645,0.051711640242782284,0.057562510202473854,-0.7131626529031414,4.0206858949312165,10.059312470704768,9.041373254485157,1.850642168554055,4.499276633751786,0.6868557839872312,0.8879722280139251,0.6917915872507359,0.34401615906549865,0.15436914267954008,0.6839344373550523,0.7360938010469438,0.05711209061713517,0.4409159924874848,1.0,1.0,1.0
chr11:69450980-69451637,chr11,69450980,69451637,FADD,10.0,0.059715915977949195,0.004599256535797358,0.0467811530558447,0.02915622084349333,0.05324853451689694,0.01687773868964535,0.05456838986684346,0.0623861459929298,0.05779126321457673,0.09347503708249044,0.04484093985357879,0.06865051102447493,0.9229810602336618,1.5544911124729592,0.37675283871929693,2.3729277740879344,0.6830384377190749,1.6095331450952859,0.37913169562897386,0.44946317089030463,0.24707215241939118,0.9272059503816257,0.6080347385009528,0.6659395384317042,0.27444735852843555,0.76274209647584,0.4270579109022208,1.0,0.977772774419502,0.8084717638653718
chr11:69452744-69454122,chr11,69452744,69454122,FADD,10.0,0.046248704716221695,0.025314174387735464,0.05210178355444603,-0.05975554771910828,0.04917524413533382,-0.017220686665686408,0.07322960866734785,0.07559952554421322,0.07106514090130062,0.13648011851521352,0.05515553978510556,0.07134061112807702,0.45265117059902166,1.6491723929267454,2.14690023339919,2.923532174489426,1.3501901610959746,2.0020862504027246,0.5445289118798757,0.4532692331059621,0.34054447449096814,0.655121198201778,0.36877645164509343,0.6901994631489046,0.6450719841260836,0.23889171716710406,0.275700484813937,1.0,0.977772774419502,0.9042042943380878
chr11:69455280-69456448,chr11,69455280,69456448,FADD,10.0,0.042846884728117915,0.003460978523406044,0.039711325876479,-0.05756746619307831,0.04127910530229845,-0.027053243834836094,0.08049248948582223,0.07892765661574673,0.06513630998988891,0.08113827855188273,0.06733426326726988,0.05450514615875554,0.9192245003255787,1.5479635719284595,2.4496485554811347,3.065669871076436,1.6553737935141162,1.9176831103960699,0.5348479546790357,0.5229676649923376,0.3820365878139842,0.9463817918943698,0.30485337940908674,0.4769676547252387,0.2743892618821739,0.1517541509160131,0.12491829772492855,1.0,1.0,0.9603311500035946
negative_control,negative_control,,,FADD,50.0,2.0872192862952942e-16,-1.9095836023552692e-16,7.771561172376095e-17,-5.551115123125783e-17,1.3322676295501878e-16,-1.3322676295501878e-16,0.05771708834271229,0.04196494392460978,0.05232349219165309,0.04584379990481198,0.038701819438927615,0.031198137850795404,1.2,238335429912011.97,1.2,681938404000775.1,2.4,473743085461721.3,1.0,1.0,1.0,1.0,1.0,1.0,0.9999999999999922,0.9999999999999973,0.9999999999999921,1.0,1.0,1.0
chr11:69064046-69065281,chr11,69064046,69065281,PPFIA1,10.0,0.08781263952628834,-0.01626055036656939,-0.01556701851629524,0.10854944172801351,0.036122810504996605,0.04614444568072207,0.09944202614257139,0.07578420198651951,0.10884839187833435,0.09943301135486952,0.044138085735139214,0.07087797990310914,1.1851732330822542,1.6981525448290855,7.97303993146691,-10.752751667466246,-0.2774323214507149,2.896771133162967,0.24268030086524495,0.870219893104208,0.5255621288899401,0.8185195267837653,0.2964782256084985,0.3919687461304797,0.20451622140469883,0.18009704300882837,0.8552640231061976,0.8206335907357657,1.0,1.0
chr11:69167427-69167927,chr11,69167427,69167927,PPFIA1,10.0,0.009504485031699473,-0.0720672947845333,-0.008963204650206214,-0.004360438696936109,0.0002706401907466849,-0.03821386674073466,0.09508968837398948,0.07324878774591419,0.07174293405545386,0.13455034678335417,0.030561546970516287,0.06983430459318718,8.582451289488388,13.66615149949326,0.5135178915237903,-16.129144572438914,142.19804835833102,216.38241780116203,0.8984087160035243,0.923661029056406,0.9961690597754757,0.3103501540624645,0.967002311161421,0.47738481477576344,0.24955894096547512,0.9516063852691989,0.22986264607705229,1.0,1.0,1.0
chr11:69450980-69451637,chr11,69450980,69451637,PPFIA1,10.0,-0.10528101744935676,-0.08219372612199682,-0.03808212155078233,0.09061514142664197,-0.07168156950006957,0.004210707652322498,0.09841170717268495,0.09546755183001321,0.14218366054650658,0.10353792151403321,0.08481977525366886,0.0848467899334636,0.2192920612537355,-1.4080576667442586,3.3794667349561007,-4.9456990108850745,1.0587418451031343,-1.8864506871896507,0.16200222397467404,0.6959807677042571,0.22748387075794554,0.25632509698108863,0.38368468127349087,0.9386570665881149,0.7671159741588709,0.21331226833975972,0.2998743849246887,0.6574761766138694,1.0,0.7703225676865263
chr11:69452744-69454122,chr11,69452744,69454122,PPFIA1,10.0,0.04822294236679403,-0.07152930840831198,0.027670030391243106,0.06426243979710279,0.037946486379018526,-0.0036334343056045743,0.07531652804830387,0.09205566889618426,0.0952481250198427,0.05313725735623674,0.0705114861956771,0.04364939949607169,2.4833045205795354,1.447600886359325,-1.3224564226514266,3.435153979168315,1.0957515346562807,1.2365424893758479,0.5550132716682405,0.7926165142300151,0.5567791847115459,0.370590379127005,0.5725991744891403,0.9502969364786416,0.019736268161951457,0.5214024316325665,0.16425520888791895,1.0,1.0,1.0
chr11:69455280-69456448,chr11,69455280,69456448,PPFIA1,10.0,0.0619421316378627,-0.025688874323474598,0.022957502295820175,0.09324848429460907,0.04244981696684143,0.03377980498556723,0.12901730529161112,0.16297386289229593,0.094394323791909,0.15644054216987516,0.07291704633866883,0.13423818011371566,1.4147237694960426,3.4402683623238897,-3.061786996383604,9.325832542454446,0.2042414455649248,4.1987121944378085,0.4218140830663236,0.808130026784527,0.46707637053977913,0.7410613253615113,0.3844840170045861,0.5697949542884826,0.4410180826576494,0.53595500990816,0.9261323507394787,1.0,1.0,0.9990244592100832
negative_control,negative_control,,,PPFIA1,50.0,-2.220446049250313e-18,2.220446049250313e-18,-1.7763568394002505e-17,-6.661338147750939e-18,-3.7747582837255325e-17,4.440892098500626e-18,0.06189755971795751,0.05967248691035281,0.07990292670387655,0.08765096609244823,0.04850720404698943,0.04455067382443829,-inf,inf,0.04,-559000311167329.7,-0.4,629130998304500.2,1.0,1.0,1.0,1.0,1.0,1.0,0.9999999999999999,0.9999999999999999,0.999999999999999,1.0,1.0,1.0
chr11:69064046-69065281,chr11,69064046,69065281,IGHMBP2,10.0,-0.3240571090488463,-0.02220962217656177,-0.08676979664425406,0.008851201818878541,-0.2054134528465501,-0.006679210178841655,0.4556384340613064,0.12291329531018035,0.15938335181629887,0.2315785193175777,0.20115306041698014,0.15932083409843636,0.9314638637561438,-1.525405870568787,1.1020078663451003,-2.6148771316682846,0.967484066470412,-1.216340991039615,0.026070216905983035,0.4666694079738163,0.0240703622203256,0.850314261752722,0.9398491252782974,0.936558385741109,0.2619423433348704,0.43014601994136714,0.15342741399301746,0.1746612253185601,0.977772774419502,0.15445149091375593
chr11:69167427-69167927,chr11,69167427,69167927,IGHMBP2,10.0,-0.02012433016594304,-0.09004007052439697,-0.08685573131819281,-0.08575882891942863,-0.05349003074206793,-0.08789944972191277,0.08797657977080661,0.14660901183786687,0.17365366968786716,0.18241746559896263,0.11068770422206439,0.12276733743126499,-3.474189688895792,-9.281961322092135,0.012629015749642532,-2.337111049839008,-0.6432865807419148,-2.401426650555461,0.8446096873637718,0.4698388656301503,0.5094691417157932,0.45034362336254385,0.4489188066828884,0.279406854417651,0.48185383961349204,0.991780640057089,0.612243280057444,1.0,0.977772774419502,1.0
chr11:69450980-69451637,chr11,69450980,69451637,IGHMBP2,10.0,-0.09704322071790436,-0.12632296423249975,-0.1260696714928396,0.0061051404631191405,-0.11155644610537192,-0.06010891188469033,0.2507731172360724,0.12246358885631715,0.16447557694644377,0.18301125021699946,0.1700261193997505,0.0959830022594916,-0.30171858784148275,-2.1848785180718675,1.0484267182647964,-1.9370611799232043,0.4611793940807885,-1.4334710585024006,0.4003742333887943,0.2928229001964347,0.19686302396404387,0.28532318060914863,0.9569212465556691,0.44821482668787493,0.792754179633611,0.3163989921769576,0.5439956727350099,1.0,0.8672062813509797,0.757922642261569
chr11:69452744-69454122,chr11,69452744,69454122,IGHMBP2,10.0,-0.012667422787881619,-0.2543761520917486,-0.025304323266998024,0.033466620815998854,-0.018985873027439856,-0.11045476563787485,0.08990594509959005,0.2751316729529084,0.13349297532482285,0.25168586131538784,0.09118007515579893,0.24475120245815823,-19.08112907821314,-19.931067488025914,2.3225653364793426,-10.884368860591568,-4.817734347966922,-11.403841897096637,0.9118918986903615,0.8461448332225365,0.8303149631318029,0.07626109184217804,0.79723245206838,0.2746183706984964,0.13718136350917898,0.7194176238035572,0.4830239393225253,1.0,1.0,1.0
chr11:69455280-69456448,chr11,69455280,69456448,IGHMBP2,10.0,0.05666386637265421,0.041221221591231226,-0.12094648202385712,-0.025264568646019246,-0.03214130782560146,0.00797832647260599,0.11194945861271707,0.12824066488415017,0.2005748669948062,0.14932508607376244,0.11010223025572684,0.09861781492628109,0.2725307284868851,3.448987810981946,0.7911095203163026,-1.9797563317210123,1.2482265661340348,-3.2314698579869887,0.5855963573943928,0.32332037640836186,0.6913293080475931,0.7268600155659874,0.8193061277506842,0.91978203508125,0.8803379167829192,0.4536168312138499,0.46835037001582036,1.0,0.8890229920656433,1.0
negative_control,negative_control,,,IGHMBP2,50.0,4.662936703425657e-17,-4.662936703425657e-17,-1.8429702208777598e-16,-1.7763568394002505e-17,-1.0436096431476471e-16,-3.1086244689504386e-17,0.08737266612897011,0.09923893941109757,0.09845997623959633,0.09147241511744532,0.06686955976524707,0.06601500071851218,0.78,1265161986389518.0,0.7,-539420906224907.7,0.3,-416615921213418.1,1.0,1.0,1.0,1.0,1.0,1.0,0.9999999999999991,0.999999999999998,0.9999999999999989,1.0,1.0,1.0
chr11:69064046-69065281,chr11,69064046,69065281,MYEOV,10.0,0.2672266325441479,0.5172712026268599,0.14767702426779417,0.4234482753441709,0.20745182840597104,0.4703597389855153,0.07061714514397811,0.09802798084222103,0.15789219755088074,0.230458781954,0.10082173057899996,0.1434043888370017,-0.9357022827483429,0.46684582708297145,-1.867394419976254,1.7623676712561929,-1.2673202863512438,0.8533178235734493,0.022182061431262622,0.2286134262601464,0.018155512949279112,1.01928044648998e-06,0.0001924169406035638,2.487088591318889e-08,0.003466237072967917,0.06761445794792152,0.017285088942494656,0.16453375086278435,0.8480358208461616,0.12708859064495379
chr11:69167427-69167927,chr11,69167427,69167927,MYEOV,10.0,-0.002763955570561172,0.010439930702343447,0.1598265865025196,-0.02935223661330556,0.07853131546597919,-0.009456152955481056,0.1578506350500426,0.14639407653422742,0.18995953582533784,0.15749725084317173,0.0897591760299284,0.11027164908629834,4.7771702315112465,-41.57212122170045,1.1836505255828815,1.0666136634741283,1.1204125118670354,1.0061183025570364,0.9813726679257775,0.20101067045662216,0.3578189339333502,0.9152133982174431,0.7694127189739333,0.8932070052011939,0.8268319770286624,0.05763593553839979,0.05692772614162039,1.0,0.8011854630859271,0.918401930428932
chr11:69450980-69451637,chr11,69450980,69451637,MYEOV,10.0,0.02625477007160466,0.0773789447342724,-0.19525473654275982,-0.045369989264307777,-0.08449998323557756,0.016004477734982335,0.19184263583306685,0.06449645394991317,0.22455119555479897,0.1600392355272656,0.09823618379358152,0.08367330027321494,-1.9472337606932537,8.292782426808026,0.7676369338452802,-1.540462972255222,1.1894021409491113,-1.6527224129731914,0.8279916465261552,0.12771491790493797,0.3253056829173018,0.41004051773765315,0.6512750668253708,0.8156202848781253,0.6562689084713206,0.3542390097634329,0.19199537691485213,1.0,0.6144148383096071,0.8945906280225798
chr11:69452744-69454122,chr11,69452744,69454122,MYEOV,10.0,0.04224176130433138,-0.01882797295786444,-0.09104167289893073,-0.12236019597184312,-0.024399955797299713,-0.07059408446485385,0.21066796060905427,0.20643181060922225,0.16441236770381387,0.19656494920543924,0.14022344201030096,0.11189059849091205,1.4457194107560556,4.8144352143288875,-0.34400206054737636,-3.1148559818860417,-1.8932054242764715,-7.953835292680974,0.7538473965292632,0.5025183225753596,0.8024512316752397,0.8676057103897508,0.283140886885696,0.366330926934742,0.6148527209389327,0.8519807518468046,0.6889774397216346,1.0,0.9921515599564792,1.0
chr11:69455280-69456448,chr11,69455280,69456448,MYEOV,10.0,0.010304717051000167,-0.10900791445013805,-0.2731466020516323,-0.12270892551946659,-0.13142094250031605,-0.11585841998480233,0.2570908783930128,0.22396694789917013,0.21339790427060917,0.12364133550289495,0.13856474519764664,0.1457074551604415,11.57844809426933,37.754376621254785,0.5507580010229406,-0.8513543276598791,0.11841737107825345,-1.1063289577452555,0.9351282699717465,0.03348887789296071,0.140102848835042,0.3013129049765792,0.2123973748856336,0.1189007705738807,0.562611370818682,0.23662940344767738,0.8385028110666117,1.0,0.28352166693505626,0.6164525348741848
negative_control,negative_control,,,MYEOV,50.0,-6.661338147750939e-18,-1.4210854715202004e-16,3.3306690738754695e-17,-2.220446049250313e-18,6.661338147750939e-18,-7.549516567451065e-17,0.09805212481298169,0.08023025804630664,0.10122955292881469,0.08134021688887656,0.07172307313544386,0.05727696242110288,inf,inf,inf,inf,inf,inf,1.0,1.0,1.0,1.0,1.0,1.0,0.9999999999999984,0.9999999999999996,0.9999999999999987,1.0,1.0,1.0
chr11:69064046-69065281,chr11,69064046,69065281,FGF19,10.0,0.24420228845117037,0.06369270165215221,-0.1428556227588187,0.0731637344382428,0.0506733328461758,0.06842821804519747,0.15403549875161388,0.2754910400412357,0.21185538136338375,0.2099072245739179,0.15881822164627163,0.17318831746187563,0.7391805701080155,1.3726045795950197,1.512151590713123,-2.122133936035683,-0.3503792666039647,5.642723195478694,0.24946377880811085,0.34059971773943476,0.6667411950329459,0.7450219427802359,0.706297434262732,0.6207779203722302,0.31870262685666173,0.19600982757321123,0.9058073181204045,0.8206335907357657,0.8890229920656433,1.0
chr11:69167427-69167927,chr11,69167427,69167927,FGF19,10.0,-0.6239492649700478,0.17032266229729687,0.0403777165771539,-0.11637768967974833,-0.2917857741964469,0.0269724863087743,0.8093379438748178,0.14562058665878327,0.11850234294822987,0.30023731857142694,0.40082292407050807,0.15964851688695253,1.2729751790083015,-1.215522763521706,3.882225631986238,9.632328336963829,1.0924393465824513,-1.3814712174848978,0.026085767417707028,0.7795055317004173,0.044954706398625394,0.3686892989560474,0.5607387224020165,0.8443542888413498,0.07031270182604565,0.4498621818828775,0.15556984131681234,0.1746612253185601,1.0,0.24725088519243965
chr11:69450980-69451637,chr11,69450980,69451637,FGF19,10.0,0.13011903417526277,0.044634595821824316,-0.23435259933679298,-0.019104211260098557,-0.05211678258076509,0.012765192280862925,0.2071422263365568,0.3171317402382186,0.512155268444546,0.248994772660346,0.29492233572491716,0.21444539824493222,0.6569710488190059,2.8124686355774813,0.9184809073414905,-2.051524904453788,1.2449343886699207,-6.710681970794193,0.541998603957272,0.19972300136444435,0.6882129877971017,0.8224071516199716,0.9224668623644472,0.9278473697668773,0.657919640846684,0.4030288745448771,0.72454388920167,1.0,0.8011854630859271,1.0
chr11:69452744-69454122,chr11,69452744,69454122,FGF19,10.0,0.07059655654232186,-0.1938855643065458,-0.1241357771448559,0.0872760479228401,-0.02676961030126704,-0.0533047581918529,0.14022217192551362,0.33236105727564763,0.2574347416278651,0.11972935623494227,0.1642050514095486,0.13330793455844414,3.746388404798659,4.194158157726241,1.7030692515099495,-2.2073372093729406,-0.991241470905157,-8.464937511242589,0.7637517009166008,0.46180084308486935,0.8375776379124876,0.3807294276757167,0.6813849082787462,0.7248396658248044,0.16134922964284004,0.2182498970859891,0.8431916589028432,1.0,0.977772774419502,1.0
chr11:69455280-69456448,chr11,69455280,69456448,FGF19,10.0,0.06812518749586607,-0.011890378658542911,-0.37356819457199475,0.0160188427142105,-0.15272150353806432,0.0020642320278338234,0.17574633606500875,0.21075778738287754,0.27833933245613496,0.2994850154033369,0.17745813592058554,0.1807624289358209,1.1745371880152933,4.47830693499643,1.0428806385205351,-0.8776937950019945,1.0135163155155762,-1.8578924314197358,0.7476601928480386,0.018330020446262814,0.2020774954211927,0.9505661678304866,0.9360685350418797,0.9881202634798041,0.6195969288868579,0.04482905556583924,0.3128083770526428,1.0,0.17642644679527958,0.7590227876796019
negative_control,negative_control,,,FGF19,50.0,1.509903313490213e-16,1.7763568394002505e-17,-8.881784197001253e-18,-1.1990408665951691e-16,7.327471962526034e-17,-9.992007221626409e-17,0.18034524147414785,0.16126359341504493,0.12289206545403467,0.163308627528117,0.09726725392817719,0.11506855269431338,inf,inf,inf,inf,inf,inf,1.0,1.0,1.0,1.0,1.0,1.0,0.9999999999999989,0.9999999999999993,0.9999999999999983,1.0,1.0,1.0
chr11:69064046-69065281,chr11,69064046,69065281,CPT1A,10.0,0.001686648892713949,0.04012309107222637,-0.05137977043825607,0.04708295787260576,-0.024846560772771087,0.04360302447241604,0.07340670738288906,0.10736583692275199,0.05381551451244187,0.04651724645980137,0.04337494613389824,0.04939650286394861,-22.788644599094496,82.82350135134757,1.9163715110246826,-1.7031673143729826,2.7548917482454707,-2.7503893377025,0.9780080122338005,0.3403408417058681,0.5547091673955671,0.40422120635213654,0.2731713647265037,0.21181701123973418,0.6027715855812399,0.05485937207685355,0.08122439371406959,1.0,0.8890229920656433,1.0
chr11:69167427-69167927,chr11,69167427,69167927,CPT1A,10.0,-0.08607132406744172,0.0005510607996870642,-0.05589226979189436,0.02700380303827915,-0.07098179692966804,0.013777431918983096,0.07131508272785883,0.08130505103576528,0.08671844655583713,0.06579550928279705,0.03769596767357598,0.03862326779539269,1.0064023739109142,-1.162848393552143,1.4831402113176575,-2.0165172627708388,1.1940981000049096,-0.5749969388988524,0.16223438124238335,0.3180837626834793,0.09291613884635741,0.990311853971258,0.5397314934593487,0.6856250986996101,0.12406158391604029,0.1832982898401324,0.002798224795314395,0.6574761766138694,0.8890229920656433,0.447158918198095
chr11:69450980-69451637,chr11,69450980,69451637,CPT1A,10.0,0.012316549173512381,-0.031813000585750664,0.04955274861902299,-0.0009211650605719046,0.030934648896267715,-0.016367082823161305,0.10622498930721476,0.05277153018142415,0.053689804060131616,0.09768732590976889,0.04352289329383203,0.05556785540486616,3.582947555973405,6.637174334998371,1.0185895855677767,2.5303667266580128,1.5290857794457184,1.95828483730043,0.8462225410075566,0.35760217151939777,0.4625102443021477,0.46327879207214817,0.9842873795779966,0.6416897909482369,0.3175955724083031,0.45040091873629107,0.1602689412925195,1.0,0.9178455735664542,0.9990244592100832
chr11:69452744-69454122,chr11,69452744,69454122,CPT1A,10.0,0.008399027666699893,0.019518339270206658,0.03585250464713319,-0.02238067590345813,0.02212576615691654,-0.0014311683166257916,0.05242139537200441,0.10484352004221639,0.08141641033963622,0.06330503916505635,0.034533576360239265,0.06581701714609096,-1.3238808162987756,12.913276093303558,1.6242430235692813,3.4584331440204377,1.0646833337420236,2.6435575981800974,0.9002301140369167,0.5585614030208316,0.633560345889918,0.7072130441326254,0.6443128692929249,0.9711230178770657,0.8624588230090583,0.437468403856352,0.5029743095347936,1.0,1.0,1.0
chr11:69455280-69456448,chr11,69455280,69456448,CPT1A,10.0,-0.031399200239187255,0.05407358126022309,0.036854482738047686,0.09976571148776837,0.0027276412494301795,0.07691964637399573,0.07183755795067419,0.07257007246407668,0.05830357139666001,0.07158791977374374,0.033604454315019905,0.04218235849981335,2.722132438033789,-3.623852455603225,-1.707017005146378,2.435020716732385,-27.200059809940026,15.349633490732979,0.6076970801724373,0.4950182274728949,0.9476695091347522,0.22882956015781805,0.027826834354944298,0.02774406452262465,0.17502737746551875,0.20268445452048534,0.007013467389946929,1.0,0.9921515599564792,1.0
negative_control,negative_control,,,CPT1A,50.0,7.771561172376095e-17,-1.8207657603852566e-16,-4.4408920985006264e-17,8.881784197001253e-18,1.5543122344752193e-17,-8.659739592076221e-17,0.05113550337155497,0.03611986514726238,0.04536691341209575,0.03596176784380651,0.03544231265228495,0.028536603690187262,2.3,622494040796915.9,-inf,inf,inf,inf,1.0,1.0,1.0,1.0,1.0,1.0,0.9999999999999942,0.9999999999999987,0.9999999999999969,1.0,1.0,1.0
chr11:69064046-69065281,chr11,69064046,69065281,MRPL21,10.0,0.02647108296241636,0.010442754526543497,0.05910217907007389,-0.06454336996022957,0.042786631016245066,-0.02705030771684299,0.04505079972842491,0.04624110913451482,0.08349900265907706,0.10214411752355748,0.03620668911447232,0.04641687886154362,0.6055033131296462,1.5079384103677058,2.092064133264942,1.9358794161431323,1.6322140134513676,1.5399300198981891,0.5476425097948543,0.2312824965944077,0.17656585085538656,0.7910685251288911,0.19625354638760725,0.4028259171971308,0.4514931982306154,0.06322929873564376,0.06754291734228364,1.0,0.8480358208461616,0.7325484197609913
chr11:69167427-69167927,chr11,69167427,69167927,MRPL21,10.0,-0.01143793350133312,-0.0027056159045742213,0.013536549149306864,-0.026157495059434,0.0010493078239869002,-0.014431555482004144,0.04980978149110837,0.03852935641166814,0.029972277859736444,0.072152614608847,0.030935201360585887,0.04003733173117945,0.7634523837493185,-3.9671401164767923,2.9323606608241994,5.469123937946455,14.753405008616594,39.3797427732395,0.795886334113625,0.7683420310478783,0.9731137184076507,0.94469015666774,0.5778254764751409,0.6504019165224675,0.7147725841836774,0.32070826843041733,0.48145603255765235,1.0,1.0,1.0
chr11:69450980-69451637,chr11,69450980,69451637,MRPL21,10.0,-0.031443966189309135,0.013612291741075389,-0.0556402499508163,-0.05822211966157914,-0.04354210807006272,-0.02230491396025186,0.061064365568375134,0.06104870057341634,0.07719035026656026,0.06982544325606506,0.04943382443904783,0.051634185457059154,1.4329063216492033,-2.470691813016868,-0.04640291359303927,-1.5770932051288447,0.48773922648941487,-1.4869219448903568,0.484557357757588,0.2545385462852738,0.18075870097998487,0.7361602331992401,0.21616193868168143,0.4950085700239525,0.2850128750704122,0.9552722164011241,0.5363110792173341,1.0,0.8661190169133864,0.7325484197609913
chr11:69452744-69454122,chr11,69452744,69454122,MRPL21,10.0,0.04204897904586413,-0.01717659113520499,-0.006780885603899348,-0.026252616188501707,0.0176340467209824,-0.021714603661853432,0.07771681979354952,0.06508955783888305,0.0519184881756426,0.06774054552348947,0.03438991807008178,0.04263361172962175,1.4084900876301847,2.2628339098078794,-2.8715615808951536,-13.523219407415414,2.2314021849571137,2.2387556335905545,0.40936994737615795,0.8964738083182532,0.6127748705355095,0.7021506370754491,0.6109920164295222,0.5406765935112872,0.3113162362409817,0.7207180216243025,0.12407735523020555,1.0,1.0,1.0
chr11:69455280-69456448,chr11,69455280,69456448,MRPL21,10.0,0.0853259103319904,0.016411468312021192,-0.02122666842788341,-0.03407617705254529,0.03204962095205351,-0.008832354370262075,0.07760567293390738,0.04349891429819427,0.05648078901443553,0.06495418555736485,0.04999342764617758,0.04870312169204494,0.8076613745090259,0.8608365548536343,-0.6053474038244598,-4.526854321197315,1.2755837388365736,1.9896907513332256,0.06824526858862875,0.6528140412823451,0.3234544739160391,0.6761100098298287,0.46392154788377327,0.7852288032622629,0.09908031887325666,0.7991459156674907,0.24055034203682904,0.3826380247260495,1.0,0.8945906280225798
negative_control,negative_control,,,MRPL21,50.0,1.8429702208777598e-16,3.3306690738754695e-17,6.217248937900877e-17,-5.329070518200751e-17,1.4210854715202004e-16,-8.881784197001253e-18,0.03710872929363962,0.032987762625303604,0.039405035170146506,0.038261339014904076,0.026327479615786846,0.026488477245899103,0.45333333333333337,153530031455934.22,1.04,586657879186807.1,1.36,353771727956113.06,1.0,1.0,1.0,1.0,1.0,1.0,0.9999999999999953,0.9999999999999972,0.999999999999994,1.0,1.0,1.0
chr11:69064046-69065281,chr11,69064046,69065281,ORAOV1,10.0,-0.137386201854884,-0.17612353565678077,0.1727385210291996,0.009519509873706066,0.01767615958715778,-0.08330201289153744,0.16560704216388358,0.20561976889897746,0.15258122798823331,0.1494569621734358,0.10760151437694271,0.12356236485271219,-0.28195942007927044,-2.3062926861709094,0.9448906369176521,1.1609100190367867,5.712675990550474,7.4706406589529815,0.34459599876714797,0.18354347552173636,0.8672900479105079,0.17615314055227843,0.9449640091744997,0.3785542810620627,0.8159908447589125,0.14511224340526238,0.1681612212096499,1.0,0.7868896937643579,1.0
chr11:69167427-69167927,chr11,69167427,69167927,ORAOV1,10.0,-0.06052502463376898,-0.07973452646320509,0.10256450179173889,-0.008032597379804296,0.021019738578984905,-0.043883561921504645,0.13823793882162266,0.09858762829438891,0.10192899614103319,0.19782738207992787,0.09635014854353464,0.08892446322751597,-0.3173811484699253,-2.856346730864138,1.0783175196045385,1.940364791073722,3.0877310988718922,6.293906844251171,0.6731875764298774,0.418522663347611,0.8417122230116435,0.517086089179221,0.9545201767792892,0.6350012843009045,0.8324548526121656,0.30435722814461336,0.3613925428990177,1.0,0.977772774419502,1.0
chr11:69450980-69451637,chr11,69450980,69451637,ORAOV1,10.0,-0.030352944863782216,-0.16725673204450522,0.026198690240355194,-0.037733729408291596,-0.0020771273117135003,-0.10249523072639839,0.24557585217055877,0.1777051626875408,0.1124109345141694,0.20604543704559666,0.13038696383133042,0.1359545827984228,-4.510395541359162,-8.023055593946683,2.4402906810268132,8.504290724435952,-48.344703210245804,-71.70977476328262,0.8399304965044601,0.8364109983484731,0.9845141668595643,0.19157690202112868,0.7896681554723968,0.28361040970151147,0.2991106033946658,0.5875637432538767,0.21897993711322225,1.0,1.0,1.0
chr11:69452744-69454122,chr11,69452744,69454122,ORAOV1,10.0,-0.23085965799727703,-0.12763675165851063,0.15304892078667942,0.26298098191457997,-0.038905368605298835,0.0676721151280347,0.28093692489129596,0.2866905061672137,0.10828209431546422,0.19149629295170953,0.13872652426760365,0.2052860367322824,0.4471240546496172,-0.8747553356863372,-0.7182805377708255,1.4964777735220984,2.7394030066796042,-5.002056657953286,0.17374325176072244,0.2808338689201324,0.7442791663172041,0.393323569795622,0.09493576745356401,0.5407707077118795,0.3999792959574804,0.42790580082428653,0.36899429071432244,0.6860630966961861,0.8661190169133864,1.0
chr11:69455280-69456448,chr11,69455280,69456448,ORAOV1,10.0,-0.08119977733957195,-0.09354459806351353,-0.022958675570871768,0.07306580731295555,-0.05207922645522187,-0.010239395375279015,0.2998702290387483,0.2246647827412874,0.21047530582783086,0.2391534840339735,0.15516593515271992,0.20428641743661602,-0.152030228756864,-5.86842747467825,4.182492260383524,-15.502004686209442,0.8033881055417987,-6.328799477809376,0.600783681459069,0.8627791678596655,0.6319438909161827,0.4751792914596672,0.6121305962662287,0.9191816374278958,0.9606125583867599,0.6097259358979124,0.8090959369083209,1.0,1.0,1.0
negative_control,negative_control,,,ORAOV1,50.0,-6.661338147750939e-17,-3.7747582837255325e-17,1.5543122344752193e-17,8.43769498715119e-17,-2.886579864025407e-17,1.5543122344752193e-17,0.12143452203942502,0.10480020822954922,0.10782800511122613,0.1160472908540265,0.08933126558779378,0.07821862556690076,-inf,inf,-0.56,1338199739649158.0,-inf,inf,1.0,1.0,1.0,1.0,1.0,1.0,0.9999999999999997,0.9999999999999993,0.9999999999999993,1.0,1.0,1.0
chr12:88787108-88787608,chr12,88787108,88787608,KITLG,10.0,0.03986224231562252,0.14935821834199356,-0.10292636289707968,-0.03493491258650627,-0.03153206029072866,0.057211652877743636,0.08405706794296233,0.10184638714434266,0.14345664412342773,0.2669057755109583,0.07220030226563244,0.15080609656782487,-2.7468594255034633,3.339859943244796,0.6605834345721606,-3.354532440446366,2.8143962795404547,-6.311037926091601,0.6446746858700171,0.26169036879918833,0.6253530061530024,0.1368054546202296,0.7981358324430738,0.4686378430771583,0.14142164324363526,0.7084854551360742,0.4048056468146015,1.0,0.8661190169133864,1.0
chr12:88973592-88974527,chr12,88973592,88974527,KITLG,10.0,0.12530360544719127,0.32043009112629905,0.17741270765431116,0.2983751930331603,0.15135815655075122,0.3094026420797297,0.09045381643651051,0.16926129716865515,0.1438783740418911,0.158103785349231,0.06698449521447901,0.10567126543738167,-1.5572296182757728,1.0544755139365842,-0.6818140987653751,1.1024613402786578,-1.0441755444873255,0.7529981153585055,0.15190058205400028,0.0556490007599695,0.021318801652266357,0.0029876174502424667,0.022692353784481728,0.00011456353308826801,0.017753926274612218,0.2563127350029411,0.023688572182405707,0.6574761766138694,0.3726063529145784,0.14274328062821823
chr12:89319582-89320446,chr12,89319582,89320446,KITLG,10.0,0.432822656019982,0.55168972233674,0.4878763260198039,0.33011722122150744,0.460349491019893,0.44090347177912365,0.045687037104430686,0.08933571909048041,0.07710553167666512,0.16759725972996153,0.05920827096046788,0.10413385512355482,-0.2746322648860373,0.192674223301058,0.3233588030092134,0.34976874886087106,0.04224186106448634,0.21268185731056946,3.6605883899995885e-06,5.720033786537677e-07,1.159254716228444e-09,6.022555907361773e-07,0.012494696088079234,1.9500211155039136e-07,0.020926000107373863,0.10340553214449047,0.7061154062067363,0.00011274612241198733,4.4044260156340115e-05,4.463130657479509e-08
chr12:89325211-89325816,chr12,89325211,89325816,KITLG,10.0,0.22557408350777752,0.231431375976035,0.30673414614014105,0.08846934402095878,0.2661541148239593,0.15995035999849688,0.08596599736390151,0.0733728894267082,0.11276882096722318,0.1012410945172654,0.09205237072861419,0.0570714472704612,-0.025966158776637785,0.4144158669577585,0.7115764738480117,0.4896710330261424,0.39903104596262995,0.3525451924012983,0.011187313182030987,0.0010237488483577258,0.00014578237454217005,0.021285270107878066,0.4806093030776605,0.030573715804147267,0.9049576419139661,0.019144752317553162,0.05370046829177519,0.09379038303572393,0.017517480294121087,0.0018708738066245156
chr12:89328101-89329027,chr12,89328101,89329027,KITLG,10.0,0.39127825088311063,0.47070439581690443,0.34950126834043693,0.12302335963763822,0.3703897596117738,0.33324492811088635,0.1278907196760034,0.1425057407107721,0.08140794278853467,0.10935603842858153,0.0883027005774449,0.1435247865745445,-0.20299146388670947,0.43149316167569424,0.6832763942957201,0.30205287782936235,0.10028579499557698,0.42732278004769697,4.416872505239904e-05,0.00017175740459403533,4.5517542719941613e-07,2.020194648926475e-05,0.3533824010604696,6.962413060837807e-05,0.3805502366380822,0.0029712115891789804,0.6564405114563278,0.0009717119511527789,0.005290128061496289,1.1682835964785015e-05
chr12:89353819-89355141,chr12,89353819,89355141,KITLG,10.0,0.26457096163930777,0.23815984914685337,0.21912986686074426,-0.18998133512884396,0.24185041425002604,0.02408925700900465,0.08854660589281853,0.11574476872054747,0.0645939839759657,0.2286001913086307,0.06201143990367362,0.10986367093761437,0.099826195319428,0.5103714958211606,1.8669805620316289,1.0629450647414056,0.9003960481783543,0.562691086921953,0.00326232914185937,0.013835084945008817,0.00035407917604452784,0.020222417066963757,0.15711515433306597,0.7494031025507465,0.7103465914197391,0.00736036136363813,0.011999028874432846,0.03864605291125715,0.15218593439509698,0.003894870936489806
negative_control,negative_control,,,KITLG,50.0,5.773159728050814e-17,1.6653345369377348e-16,1.1990408665951691e-16,1.509903313490213e-16,8.43769498715119e-17,1.509903313490213e-16,0.07310086943417322,0.08394382867659536,0.07411809156193704,0.10674086759645798,0.054179807736850806,0.06185494119724031,-inf,inf,-0.24,1163336848456918.2,-0.64,782167016131329.0,1.0,1.0,1.0,1.0,1.0,1.0,0.9999999999999986,0.9999999999999997,0.9999999999999987,1.0,1.0,1.0
chr12:88787108-88787608,chr12,88787108,88787608,DUSP6,10.0,-0.03738395032701014,0.03216541226468346,0.04059372180976053,-0.09417706040125692,0.0016048857413751727,-0.031005824068286725,0.1726526246167968,0.09094408856110156,0.1404365487677761,0.14058933943107815,0.10013931149402854,0.06822164985805929,1.8604069923943738,-4.076821042834766,3.319990781890136,3.8738733549242537,20.31964579716351,70.24394572127383,0.7877632613765556,0.7785503717572342,0.9876468865846897,0.7303243217209172,0.3335325710353755,0.647106925047299,0.39438610525601026,0.12730748552447896,0.5845930478226542,1.0,1.0,1.0
chr12:88973592-88974527,chr12,88973592,88974527,DUSP6,10.0,-0.10305898085070701,0.12240646380002271,-0.1538842873726039,0.08476939845754775,-0.12847163411165546,0.1035879311287852,0.23617504732861916,0.08281815116433144,0.27779132539633583,0.1840497907583923,0.11562523488201908,0.11476019355432442,2.1877321393013083,-2.3535495422426798,1.5508645483232057,-2.2379835135421735,1.8063097495806455,-1.2714685846990916,0.47307601921830233,0.3189105876492754,0.2216573647045937,0.1909116443024559,0.40034765064157196,0.14643604563901558,0.10179438840488426,0.20745930660125725,0.02124495279377175,1.0,0.8890229920656433,0.7703225676865263
chr12:89319582-89320446,chr12,89319582,89320446,DUSP6,10.0,0.194087841540643,0.4215868797947756,0.02860098347533028,0.26638100468016035,0.11134441250798663,0.34398394223746803,0.1276905184108523,0.09132730788568667,0.17798335726562595,0.13547341200911306,0.11534000958977332,0.051706062695724815,-1.172144717815789,1.0356495309193838,-8.313700870109072,6.593642730798128,-2.0893686938515574,0.9006689433695001,0.15840503594682653,0.8450474066539961,0.2886628452395214,2.9018946329659413e-05,0.007549928044273302,3.136519788869367e-06,0.05371097470591527,0.03549462396879774,0.0013922952947971515,0.6574761766138694,1.0,0.8716485915075745
chr12:89325211-89325816,chr12,89325211,89325816,DUSP6,10.0,0.08947214192950455,0.179423991130107,0.17889030583643922,0.27719836373507073,0.1341812238829719,0.22831117743258894,0.06837580723944112,0.10389533350941031,0.1093043302091156,0.13628893725416552,0.04347985855694236,0.10931920936991482,-1.0053615266244071,1.2471604800840466,-0.5495437969037593,1.2252109353022316,-0.7015136009767938,0.9107859032689072,0.5061554262289399,0.2139557429017058,0.1904169175564716,0.05997329903468313,0.005575937801052645,0.0018459531884086697,0.14856528684029155,0.4021985511057311,0.16541272955479572,1.0,0.8237296101715674,0.7519027000947854
chr12:89328101-89329027,chr12,89328101,89329027,DUSP6,10.0,0.2003679020208705,0.24903129945421823,-0.002811856464747453,0.0870007854764554,0.09877802277806155,0.17710189637620322,0.12664093739619128,0.17934451447787636,0.2128447415816522,0.31108157029071104,0.12566114556321706,0.14489284212521494,-0.24287022493392596,0.9539772761031491,57.36081175567159,-112.67097160625524,-0.7929281372043943,1.5397366264750005,0.1454537991047429,0.9849005671502948,0.34870078364773505,0.014589964823220626,0.4642181495209241,0.018423340538068066,0.6297545977160716,0.37153858591144007,0.3391699052112663,0.6574761766138694,1.0,0.9101681471483254
chr12:89353819-89355141,chr12,89353819,89355141,DUSP6,10.0,0.11243339954037519,-0.01797386930605277,0.014883653823610643,-0.009118282522808042,0.06365852668199293,-0.013546075914430411,0.15771120431083266,0.2629955735348575,0.19532958226175962,0.16869853504644516,0.14191301835174147,0.1614389041596245,1.159862366338912,2.5196653179162656,1.612637369215285,15.380542683238932,1.212792796510983,2.6018769684490715,0.41638160284121906,0.9195709779333805,0.5488107128423791,0.8679063630599798,0.9267366181344433,0.8566991268078281,0.39043915629934767,0.8417510805099278,0.3847485546806404,1.0,1.0,1.0
negative_control,negative_control,,,DUSP6,50.0,7.771561172376095e-17,-4.440892098500626e-18,5.995204332975846e-17,7.549516567451065e-17,5.10702591327572e-17,3.3306690738754695e-17,0.11568985818670355,0.07894405635602879,0.12215477066294152,0.0796401154035015,0.08777538160469123,0.05717983521550009,inf,inf,-inf,inf,inf,inf,1.0,1.0,1.0,1.0,1.0,1.0,0.9999999999999991,0.9999999999999998,0.9999999999999998,1.0,1.0,1.0
chr12:88787108-88787608,chr12,88787108,88787608,ATP2B1,10.0,-0.012966143739321178,-0.09636512034852111,-0.22011465983166753,0.21825833048293575,-0.11654040178549444,0.0609466050672073,0.27336504796268946,0.28703384590768266,0.3480446856682796,0.3005563803109998,0.27557108427022836,0.11960245157258388,-6.432057077717152,-33.79938277863555,1.9915665346862783,-2.418106213956326,1.5229654620496895,-2.805518346704408,0.9540013354104824,0.3115649138906242,0.45458205710589694,0.6175529335500848,0.4091355031889946,0.7325546507260394,0.7177890263376632,0.14092672947588628,0.31505063621897295,1.0,0.8890229920656433,0.9990244592100832
chr12:88973592-88974527,chr12,88973592,88974527,ATP2B1,10.0,-0.05988622716568611,-0.1159825040704002,0.039912919819722004,0.09615023627835782,-0.00998665367298206,-0.009916133896021162,0.24053734117029568,0.2853027903240488,0.22219756750793757,0.2774974390971137,0.14823393925670522,0.24008511188517012,-0.9367141588250929,-6.192301735937016,-1.4090003114943164,6.390985634421289,0.007061402074218583,-26.529075187980975,0.7882849360370261,0.8480636795533569,0.9457399864632878,0.5477936285092944,0.7142079847121711,0.9570460396863852,0.7735834945587682,0.6758259821999331,0.9995951206069875,1.0,1.0,1.0
chr12:89319582-89320446,chr12,89319582,89320446,ATP2B1,10.0,-0.07425193483307316,-0.19201980349613618,0.039301067194105255,0.21371883932452906,-0.017475433819483955,0.010849517914196426,0.2521208233895084,0.3715866046894936,0.16457697673276384,0.1424108675131418,0.15497774821712115,0.18190412497817546,-1.586057911188692,-5.844051231594338,-4.437990736205374,6.042777333135381,1.6208439816870144,-13.300684855360686,0.7399113712602593,0.8484728912889337,0.9054245435608125,0.3382541954010646,0.4071562102327907,0.9521536282127818,0.6076475557238645,0.18387342541843626,0.816572742246461,1.0,1.0,1.0
chr12:89325211-89325816,chr12,89325211,89325816,ATP2B1,10.0,-0.0643819226776369,-0.3200621069112154,-0.2439577605989185,0.06729257297260623,-0.15416984163827774,-0.12638476696930465,0.311261203972191,0.2591307319033156,0.36923137438157466,0.20702452786061082,0.18868305962783294,0.15052780970535368,-3.971303956139677,-5.021702470057443,1.2758369842689257,-1.8874969398545605,0.1802237997634067,-1.309036398638374,0.7769461689201999,0.2662450643146747,0.30300455562971423,0.09748729172502887,0.795219132229343,0.48206931438200473,0.15554722128604107,0.2178731891076482,0.793363788153725,1.0,0.8661190169133864,0.8945906280225798
chr12:89328101-89329027,chr12,89328101,89329027,ATP2B1,10.0,0.12115863025778469,-0.45725422330610144,0.02651991912413206,0.05808867879688356,0.07383927469095838,-0.21120177597705503,0.23815826049497157,0.3975142923012263,0.4438724302497693,0.310853950231011,0.26155303028446686,0.31590254574814997,4.774012815539587,3.753252468502431,-5.268990921478779,19.19765376785389,3.860290500699035,5.184720057486902,0.5870807156963042,0.9061601101432235,0.6325530647902973,0.02682609260198797,0.8342641169998983,0.26790804473317514,0.03424989385931266,0.6235953213512246,0.17847959077575337,1.0,1.0,1.0
chr12:89353819-89355141,chr12,89353819,89355141,ATP2B1,10.0,0.09236932196824922,0.01845682887551776,-0.19185558414135467,0.1253326413153607,-0.04974313108655269,0.07189473509543924,0.23149571692102763,0.2034982419553416,0.3085935844971304,0.4139721721898892,0.22302105413378503,0.2708627101486481,0.8001844283120088,3.252639456028872,1.6532655375984184,-1.9635663087403255,2.445319856732443,-6.6467662278609225,0.6782230398240022,0.37075885474950976,0.7424296123065983,0.9215954355577696,0.6441046014534019,0.6995661194266127,0.6411871420434574,0.13328657573113242,0.4891687607179118,1.0,0.9360141578922049,1.0
negative_control,negative_control,,,ATP2B1,50.0,8.43769498715119e-17,2.042810365310288e-16,-1.3322676295501878e-17,-5.329070518200751e-17,3.1086244689504386e-17,7.549516567451065e-17,0.18766560103031116,0.15779145294262803,0.17545527019922766,0.2211470030394461,0.12397861548541621,0.15280549038079846,-inf,inf,-0.16,-1282629367694242.5,-inf,inf,1.0,1.0,1.0,1.0,1.0,1.0,0.9999999999999993,0.9999999999999998,0.9999999999999996,1.0,1.0,1.0
chr12:88787108-88787608,chr12,88787108,88787608,TMTC3,10.0,-0.7415818727338624,-0.417870786680872,0.010996620648733602,0.33309491590780993,-0.3652926260425645,-0.042387935386531,0.5439211792557205,0.3012249919032636,0.25598457720630324,0.31619335041432994,0.2329457987751684,0.1950673022925679,0.4365142918874494,-0.877270169753467,-29.29066169943453,23.90261232190913,0.8839616998411787,-0.8189911394792584,0.0062884517220188315,0.9655446285696423,0.03422371706678163,0.06048153422067242,0.28038039421209937,0.8307327382345701,0.35491343937817643,0.03977921194839505,0.06350142899478993,0.06052634782443125,1.0,0.2027097087801681
chr12:88973592-88974527,chr12,88973592,88974527,TMTC3,10.0,0.04034252667808084,-0.17813528480542357,-0.0538197347949691,0.10719797017885171,-0.006738604058444076,-0.035468657313285926,0.41121419768801803,0.3990430105975238,0.4020204644277923,0.39452968118045206,0.27973963244736516,0.3366452696845393,5.415570849760615,14.169010128586532,2.9917967003596626,-11.215219587549388,-4.263502203967685,-57.04007534242658,0.872113813442649,0.8382685467038691,0.9688577578855557,0.4332454576257678,0.7308080483623528,0.8641831923477338,0.47289966458490384,0.6137022448244077,0.8867544622384694,1.0,1.0,1.0
chr12:89319582-89320446,chr12,89319582,89320446,TMTC3,10.0,-0.09794736618809011,-0.5028861845069222,0.3243532338555388,0.2908413723759235,0.11320293383372437,-0.10602240606549942,0.407644802693683,0.4562744815764595,0.22041513957449937,0.24216637202126273,0.2656675042811209,0.21399297409033638,-4.134249179719869,-7.471611701259592,0.10331902993925735,0.9477564990424157,1.9365694198458507,2.9573670469742592,0.6957546045999022,0.2028976172750075,0.5100331602239538,0.033512155383135935,0.3401530603754407,0.5950260932103026,0.3063290283110692,0.8355678977880706,0.23138913279974468,1.0,0.8011854630859271,1.0
chr12:89325211-89325816,chr12,89325211,89325816,TMTC3,10.0,-0.18249712398778606,-0.1730953558813272,0.20243314258350553,0.030853031474647442,0.009968009297859714,-0.07112116220333993,0.4501308176940743,0.31799603734311627,0.30520699737092766,0.36684348705040964,0.2333601979117374,0.13404033237881108,0.05151734943005506,-2.5477172439266935,0.8475890307244512,1.9789808620831117,8.134941398841804,25.66067979716631,0.4731570682224423,0.4324889053288071,0.9530220271880449,0.43336771204504476,0.9206620691343396,0.7165352032930781,0.969250869482795,0.42294865774408263,0.5497758263978366,1.0,0.977772774419502,1.0
chr12:89328101-89329027,chr12,89328101,89329027,TMTC3,10.0,-0.08895854271613567,0.04951227644466928,0.4735696712253411,-0.12047778101368863,0.19230556425460268,-0.019257085648168016,0.4874375450026264,0.2723073357410909,0.2288083958883248,0.43002341564170105,0.23401770317461926,0.29773092517557065,1.5565769731937003,-6.326455082980555,1.1308899746484267,1.0425698857891237,1.1001379534846567,2.165950009141866,0.7295550712430827,0.06545637606936575,0.25848595714825984,0.8198345838177057,0.7144673927306802,0.9249425867250822,0.6411446631178563,0.07843012034227498,0.345488941986836,1.0,0.42001174644509687,0.8123844367516738
chr12:89353819-89355141,chr12,89353819,89355141,TMTC3,10.0,-0.25496182598455575,-0.6371179671185494,-0.01843620282985221,-0.29742027171190255,-0.13669901440720397,-0.467269119415226,0.5261997145995045,1.134985349635635,0.46639055459835027,0.7963506041922587,0.3165736384928481,0.5708093050924061,-1.4988759186135692,-5.61413907321154,-15.13240396934208,-56.20970567331776,-2.4182332728699003,-5.2540580898302025,0.3304238254789603,0.9453127961826653,0.4377165918337341,0.05482124838801739,0.3928149728988476,0.04681712236883334,0.6134139788265709,0.610496256858416,0.3905021877689997,1.0,1.0,0.9990244592100832
negative_control,negative_control,,,TMTC3,50.0,-1.7763568394002505e-17,-4.440892098500626e-18,-1.4432899320127036e-16,4.440892098500626e-18,-8.881784197001253e-17,8.881784197001253e-18,0.2024082627902585,0.18102010525345502,0.21513888714982035,0.2591313278957021,0.1396768563196249,0.1677341079930495,-inf,inf,0.68,-1558410511662482.0,-inf,inf,1.0,1.0,1.0,1.0,1.0,1.0,0.9999999999999998,0.9999999999999993,0.9999999999999992,1.0,1.0,1.0
chr2:182649221-182650094,chr2,182649221,182650094,SSFA2,10.0,0.3039754437349547,0.28151745042652737,0.16933428920178825,0.28155787650261443,0.2366548664683715,0.2815376634645709,0.0615751844291714,0.08717263519763584,0.09505505273808898,0.14483253399472695,0.06142755712286807,0.09523207772958939,0.07388094588327705,0.30738743227602683,-0.6627339792184324,0.8463255724507248,-0.1896550773114902,0.28871727119207236,6.874646261309904e-06,0.04582390176254805,6.227051104070732e-05,1.6978766938058816e-05,0.00030141772342678886,1.8396450610891894e-06,0.648787013597667,0.15919882056503937,0.230040427578561,0.00017644925404028755,0.3360419462586857,0.0009589658700268929
chr2:182655322-182657229,chr2,182655322,182657229,SSFA2,10.0,0.4150250303572709,0.4067758422399598,0.40511632152462307,0.4517065302324054,0.41007067594094704,0.4292411862361825,0.10294541158334813,0.09432337739863714,0.08058432601540125,0.08294237514341866,0.08583280413715862,0.08040222415366383,0.01987636290324436,0.2507584797031947,-0.1150045214975388,0.1927505955288835,-0.046749283525936165,0.18786518939373148,2.2297278454870242e-08,7.316893485355013e-06,1.0138569058740861e-09,8.641066623762728e-09,1.3474869936227485e-08,2.1102066023903766e-11,0.8799666308724299,0.2722671958608313,0.637397940067034,1.1445936273500057e-06,0.000375600532248224,4.463130657479509e-08
chr2:182675255-182676323,chr2,182675255,182676323,SSFA2,10.0,0.2271729387755653,0.14959496161152092,0.1882330622136073,0.06414990387331915,0.2077030004945863,0.10687243274241998,0.06645363209149038,0.05532765803377557,0.07263809244579582,0.10156477334993005,0.041218244403916075,0.061740265020317944,0.34149303866112,0.3036345228105496,0.6591995948059237,0.42897681865246257,0.48545551827401007,0.22691333111115278,0.0005123843802435237,0.025109481757893848,0.00029238642822048186,0.012673934223899447,0.3604938079127481,0.039023817605171575,0.05494652041806284,0.014670831893122776,0.002330044721240446,0.007173381323409332,0.22746236415974427,0.003463654611227247
chr2:182740854-182741775,chr2,182740854,182741775,SSFA2,10.0,-0.09290006141508761,0.005881409386459402,0.07281401641415766,0.028069284961160366,-0.010043022500464937,0.016975347173809874,0.17915421030656797,0.10617364451901964,0.09888078303136986,0.10705231214085169,0.12688326769881886,0.07020470485313789,1.0633089935234845,-1.7568459072431368,0.6145071190482677,1.5282523971089899,2.690262784238873,-10.505427220822282,0.20069700094676532,0.38502488226558873,0.8676696373454573,0.9241119093110433,0.6898829749304731,0.7411310003768596,0.26588822338514506,0.450889185645601,0.6277706886958431,0.7358890034714729,0.9452749091567054,1.0
chr2:182755967-182757823,chr2,182755967,182757823,SSFA2,10.0,0.2673050509189557,0.27820760859036914,0.3138193110410001,0.2714345769765785,0.29056218097997794,0.27482109278347383,0.07804538330965685,0.08618133610281992,0.0734789339578061,0.09923986362617905,0.060226233699808306,0.0823494419857638,-0.04078694971880285,0.40515843498498083,0.13506094932087864,0.3687607218272519,0.05417459403496396,0.3467739538739436,6.973295417008668e-05,0.00031535163463999714,1.8224678270540737e-06,2.0243395993835564e-05,0.00024499351248822513,1.991264530881703e-06,0.8479679479034494,0.49105469058088513,0.7664172706910106,0.0013423593677741685,0.006937735962079937,3.508250567079092e-05
negative_control,negative_control,,,SSFA2,50.0,3.1086244689504386e-17,-3.3306690738754695e-17,2.375877272697835e-16,-5.551115123125783e-17,1.376676550535194e-16,-3.552713678800501e-17,0.05220590079285725,0.0494980712641018,0.069896143683531,0.05737683565822417,0.04623544252779412,0.04243791696744476,0.58,660737126088158.8,0.8733333333333334,313121140260190.25,1.56,621048651083563.4,1.0,1.0,1.0,1.0,1.0,1.0,0.9999999999999987,0.9999999999999957,0.9999999999999961,1.0,1.0,1.0
chr2:182649221-182650094,chr2,182649221,182650094,DNAJC10,10.0,0.13129798222564243,-0.17309803759638692,-0.34508950363204177,0.26694237931718395,-0.10689576070319964,0.0469221708603985,0.2860464553125332,0.46494957915054586,0.8640236944857449,0.5145958353743261,0.3345357486150394,0.363026722910385,2.3183602265791783,5.1332577568079225,1.7735453455049628,-3.0721495863161743,1.4389525885004892,-3.8775701454843743,0.6467156716238898,0.38791480093648434,0.6323945863147887,0.5574956965428866,0.4224798030189576,0.8454337362163212,0.3990783785985399,0.2870905698485316,0.4855014138682645,1.0,0.9452749091567054,1.0
chr2:182655322-182657229,chr2,182655322,182657229,DNAJC10,10.0,0.11355615762508582,-0.3204996425870946,-0.4309806619987239,-0.34072873976918655,-0.15871225218681903,-0.3306141911781405,0.25380430875620524,0.2332040841350124,0.8596280468637642,0.5416695704214443,0.49204776751526824,0.3040153817098088,3.8223889332822307,3.555537790038619,0.20941060745274148,-2.512184774143002,-1.0831044019775933,-4.25933247540698,0.6902167037745197,0.28120747302382676,0.5040205241668092,0.2565763005612658,0.30977715559572844,0.16586475040328064,0.06437189828704792,0.8738279167418501,0.6301492101844128,1.0,0.8661190169133864,1.0
chr2:182675255-182676323,chr2,182675255,182676323,DNAJC10,10.0,-0.14083102932857772,-0.22617715829761015,-0.1819802034475706,-0.5222411484141757,-0.16140561638807419,-0.3742091533558928,0.49333798063198453,0.27681937648442945,0.6360422618018893,0.6685355236070426,0.41360796679757733,0.3949183491219698,-0.6060179306785333,-4.882971369475945,-1.8697690106970115,-6.071976994445107,-1.3184394801737664,-4.205306898475581,0.6387327591951526,0.6294901734258038,0.48305347963980383,0.42520124220894095,0.13389501246099192,0.12754197059169553,0.8132634499436157,0.5610436213692066,0.5541030463492158,1.0,1.0,1.0
chr2:182740854-182741775,chr2,182740854,182741775,DNAJC10,10.0,-0.08295240970630086,0.33757469303221305,0.043678945895248164,0.23720351461903005,-0.01963673190552635,0.28738910382562155,0.403231544735931,0.3902121336774669,0.565048573087231,0.42707382546759604,0.24321997987100563,0.3573825360604876,5.069498333169831,-7.5276234516497516,-4.43061444724185,17.611650044915383,15.635281736710025,-26.388464083614394,0.777184983890052,0.9063477436608299,0.9280271024889244,0.24604664033696186,0.4675090218537368,0.23446483837751517,0.21943101769825626,0.6337608841526856,0.2753896116745699,1.0,1.0,1.0
chr2:182755967-182757823,chr2,182755967,182757823,DNAJC10,10.0,0.11187301940574176,-0.15756772447771383,-1.02181609261769,0.27425560641261537,-0.454971536605974,0.05834394096745077,0.35723950570337576,0.49382117934889924,0.6182861195648145,0.494109705071327,0.38146907033806526,0.4479490728336941,2.4084515222231215,4.0449967886434814,1.2684001635852367,-0.7931310036054308,1.1282364637636206,-1.073992703222352,0.6999451774021946,0.008286365546375303,0.04866660683490978,0.5961319695707543,0.40780787973441956,0.8137194286931169,0.2731941171244215,0.012034265731918419,0.0695935023593489,1.0,0.11764764930684099,0.2584364638819347
negative_control,negative_control,,,DNAJC10,50.0,-3.9968028886505634e-17,3.1086244689504386e-17,1.2434497875801754e-16,3.1974423109204507e-16,7.327471962526034e-17,1.9539925233402755e-16,0.2419560064787238,0.23936803697411488,0.30303332806147854,0.27022713584097485,0.18257678833467647,0.19665293104594195,0.48,-1523743446169382.2,-inf,inf,-1.22,2306866648598643.5,1.0,1.0,1.0,1.0,1.0,1.0,0.9999999999999996,0.9999999999999993,0.9999999999999993,1.0,1.0,1.0
chr2:182649221-182650094,chr2,182649221,182650094,UBE2E3,10.0,0.02197724911055806,0.004536597302429557,-0.01345322828800991,0.045741663004155234,0.00426201041127412,0.025139130153292367,0.08545014091084209,0.06545647287542193,0.08846685372675894,0.0679679651296212,0.06802385684419636,0.03295360425868651,0.7935775637975512,5.049773925941394,4.4000510527961385,-8.325502360774639,-4.898420634260581,16.578193967519493,0.6048668702679043,0.8059497078996927,0.9022043959159081,0.9292938411062097,0.3911147105673215,0.5051311018723871,0.7650794243580156,0.3272946256140432,0.576707935366694,1.0,1.0,1.0
chr2:182655322-182657229,chr2,182655322,182657229,UBE2E3,10.0,-0.007554136599395167,0.009374892105893717,0.05951570465573318,0.025349860721058003,0.025980784028168957,0.017362376413475857,0.08294332500893699,0.03238816606085043,0.043844673967876,0.08441084402467985,0.04372959028555207,0.04877357818021931,2.2410276121620942,-11.28453747906201,0.5740643437275345,1.1889543142284633,0.3317223839491846,2.878496737848089,0.8578905253911551,0.2555084396069793,0.42834149414914413,0.8499681683455654,0.6409641789183915,0.6521222349764892,0.7061468601561667,0.36868401031191556,0.8263458836742884,1.0,0.8661190169133864,0.9990244592100832
chr2:182675255-182676323,chr2,182675255,182676323,UBE2E3,10.0,0.004151140160479472,0.026622677535065264,0.02769800289472917,0.031011051521899192,0.01592457152760428,0.028816864528482235,0.04032986078885708,0.06101168238584056,0.06868959981400465,0.05466930065986005,0.043022408036627206,0.03476880455908226,-5.4133410354396965,18.289643404712052,-0.11961326741721476,3.312440162286817,-0.8095849221770227,3.4951845231283403,0.9152788645253516,0.6040252978138103,0.6262775684119504,0.6010571090164931,0.5546628519261461,0.44613834955740006,0.5760686899097494,0.9451236113223191,0.6605842843288969,1.0,1.0,1.0
chr2:182740854-182741775,chr2,182740854,182741775,UBE2E3,10.0,-0.06601631579411642,-0.08029612590155881,-0.018552326594670078,0.006227017653144151,-0.04228432119439322,-0.037034554124207274,0.1101809563613433,0.09911274573205316,0.053769342551441564,0.11938577516250197,0.060255648750404574,0.08904422610100517,-0.2163072860954032,-2.276392887683385,1.335646185472651,-6.798211271462181,0.12415398714930947,-2.7371207108332403,0.14718064286473376,0.7239525370195108,0.21631538076954474,0.13864630237800216,0.9136538481020697,0.37788216327265134,0.856384441048873,0.7091195121018665,0.931104882033695,0.6574761766138694,1.0,0.7703225676865263
chr2:182755967-182757823,chr2,182755967,182757823,UBE2E3,10.0,-0.07058464977608858,0.0002559523929535401,0.006429898939229517,0.013152930977717104,-0.03207737541842951,0.0067044416853353165,0.08976143276626972,0.05361688221388063,0.06509721207015352,0.07420818172729769,0.04987580666930995,0.03764073593805909,1.0036261764245566,-1.5215040875894668,-1.0455890678887085,10.4779702479174,1.209008424095806,-1.9569186331318809,0.10352525964256731,0.9036688897897823,0.335036631676894,0.9959517070385304,0.8061085477682036,0.8594720499199942,0.22825699824911871,0.8492779710185108,0.2567664340669132,0.5314296661651788,1.0,0.9042042943380878
negative_control,negative_control,,,UBE2E3,50.0,2.4646951146678477e-16,2.2870594307278225e-16,-3.7747582837255325e-17,-2.886579864025407e-17,9.769962616701378e-17,8.659739592076221e-17,0.0329269545658049,0.0425023418211437,0.0443260013653099,0.044206072270562946,0.02708936133126775,0.03201748273312492,0.05333333333333334,174390890719049.97,-inf,inf,0.1,362847993823423.4,1.0,1.0,1.0,1.0,1.0,1.0,0.9999999999999996,0.9999999999999998,0.9999999999999996,1.0,1.0,1.0
chr2:182649221-182650094,chr2,182649221,182650094,NCKAP1,10.0,0.08271208046574459,-0.02441749207101477,-0.13408283705104265,0.002466928346581021,-0.025685378292649053,-0.010975281862216867,0.0828928849863751,0.0695507077908933,0.10544356258870838,0.12229375876927065,0.04453326772467331,0.0515021901089409,1.295210710860152,1.5773488107572409,1.018398539297329,-1.4778879119556665,0.5727031256005352,-3.1593545441957795,0.19096736189423544,0.07388007634198065,0.5807470236218336,0.7042163204645069,0.9678440677307929,0.814162066923781,0.14198580324720123,0.20979579417082103,0.730554111785715,0.7172920422368844,0.45510127026660085,1.0
chr2:182655322-182657229,chr2,182655322,182657229,NCKAP1,10.0,0.11426839461665206,0.0899072966937455,-0.11159803850491498,-0.02174916385182285,0.001335178055868469,0.03407906642096133,0.07112653091186275,0.06110856818732711,0.10668507106524641,0.07309706627498251,0.07416004952748094,0.04977227825215792,0.21319191544287677,0.9462144793867013,0.8051115938667229,-1.3715968508994798,-24.52398631117405,84.34609759504166,0.06957054995019082,0.13565002923718597,0.9779285677460008,0.1627003068109043,0.7040806325088496,0.46551082274634026,0.6691923455737422,0.279589154028017,0.5827036486179178,0.3826380247260495,0.6144148383096071,1.0
chr2:182675255-182676323,chr2,182675255,182676323,NCKAP1,10.0,0.07088054909146473,0.09207077255664627,-0.11451876217255812,-0.1294541450060135,-0.021819106540546716,-0.01869168622468358,0.08315212109470585,0.041541136054390325,0.10778114797030988,0.0981641640000049,0.07180584435394281,0.05686261263963937,-0.29895681871535035,1.3532682900557569,-0.13041865411495268,-1.6136071289440568,0.14333402286896696,-5.24543063369411,0.26162398255747243,0.12628972475871103,0.6502998265994457,0.14810125468288307,0.031623175155756245,0.6909522802075438,0.6752113646665194,0.8776269182525047,0.9584573322314224,0.8393769440385574,0.6144148383096071,1.0
chr2:182740854-182741775,chr2,182740854,182741775,NCKAP1,10.0,0.05305480980605374,-0.010583249412615448,0.015668201285792625,0.006234455782213588,0.03436150554592317,-0.0021743968152009075,0.08575183408162573,0.15124496139379692,0.1726295206627462,0.0859465392446993,0.11667680057175603,0.07854789484699366,1.1994776618991463,4.176515792225709,0.6020949904526207,11.257255229797764,1.0632800216595526,5.081975185133998,0.40091062810166256,0.844587744626914,0.511231069111161,0.8811963260253504,0.9145400240560974,0.9642313166966048,0.5872469115983797,0.9188092449728249,0.6913352008042899,1.0,1.0,1.0
chr2:182755967-182757823,chr2,182755967,182757823,NCKAP1,10.0,0.008449861950554393,0.032170712757329245,-0.008905009600781489,-0.048177872480542214,-0.00022757382511353618,-0.008003579861606436,0.0956201783177887,0.06620716272302143,0.08252659984523347,0.04777589418291546,0.07631154795809876,0.04125270935142877,-2.8072471415013434,15.174307909006357,-4.410198825199965,-7.251015777247894,-34.169158217604455,-365.5548881453323,0.8944090790021005,0.9023063466126607,0.9962502859609488,0.6161636103487218,0.39031605064994257,0.8624223553079021,0.7252727645178001,0.26370272931710265,0.8586978229257549,1.0,1.0,1.0
negative_control,negative_control,,,NCKAP1,50.0,-1.1102230246251565e-16,1.376676550535194e-16,-2.6645352591003756e-17,-1.3100631690576846e-16,-4.884981308350689e-17,1.9984014443252817e-17,0.052047539213759465,0.05409883273121206,0.060858422559323826,0.04758477160518454,0.03934398030095357,0.03924039870792687,1.11,-356247294979749.9,inf,inf,0.31,-252516323808481.38,1.0,1.0,1.0,1.0,1.0,1.0,0.9999999999999951,0.9999999999999981,0.9999999999999981,1.0,1.0,1.0
chr7:120938534-120939250,chr7,120938534,120939250,FAM3C,7.0,-0.15555022970797877,-0.008658291529748159,-0.025086773063766183,0.02037159332798682,-0.09031850138587248,0.005856650899119338,0.5283093222795338,0.21250554298104168,0.4688065282783579,0.3298169163642442,0.48997127486334824,0.13768806440698084,0.9443376487067703,-2.692378651884268,1.8120451871671825,-22.81896806356483,1.064844420680738,-4.671142263607507,0.2085109894546495,0.8579380399124661,0.4150369784084169,0.9305682419934954,0.8826561151314293,0.9411361405851983,0.5174708499586556,0.8814189285092314,0.6706902247891662,0.7467602878143261,1.0,0.9990244592100832
chr7:120941461-120942727,chr7,120941461,120942727,FAM3C,10.0,0.19148967377823034,0.14338729729196822,0.18614763126704906,0.23966391508686188,0.18881865252263969,0.1915256061894151,0.0485168937866176,0.08752451784384119,0.06078479375203148,0.061165175568342736,0.04590678291097752,0.04634323469305393,0.25120089003844065,0.5472850133029236,-0.2874937674766215,0.5960832092395282,-0.014336261966761061,0.43964387470766414,0.004695204300092504,0.052007161053928226,0.0013052992939829994,0.07346339533879515,0.025382883165683073,0.0037898417490093757,0.39175222450315406,0.36918266790663656,0.9504363384850697,0.04820409748094971,0.3640501273774976,0.01256350570458637
chr7:121036122-121036876,chr7,121036122,121036876,FAM3C,10.0,0.4744841789708919,0.4519375775626283,0.44951889948221246,0.4772753780933878,0.4620015392265523,0.4646064778280081,0.10446043135844316,0.08439313248380786,0.15582302639343534,0.1319529322791976,0.1105514365940028,0.10033886555350333,0.04751813107270483,0.12018031964211297,-0.06174707813875493,0.36950650674640906,-0.005638376456097595,0.17329916292124867,3.490949760306621e-09,2.885748707760151e-05,2.0562278876724992e-10,3.404742885696173e-07,4.133515592784719e-05,3.0161594792253237e-09,0.4582366939132664,0.7507576453169551,0.9505475788860326,2.688031315436098e-07,0.001111013252487658,1.5832954735078242e-08
chr7:121037370-121037870,chr7,121037370,121037870,FAM3C,10.0,0.06143037513888824,0.1434400143833768,0.14514910971451878,0.21248247419444768,0.1032897424267035,0.17796124428891225,0.14687968002917767,0.1056600982850397,0.0886555571229209,0.17891106038171367,0.09344706464205532,0.08752366845892043,-1.3350014395821694,2.284527989068798,-0.4638909919072955,1.3626829555740996,-0.7229324045918409,1.0246953716084042,0.3964833714647771,0.13157425153047836,0.08364898398183934,0.07720372313449778,0.06008577356945465,0.008726732459215299,0.2816033195526701,0.5213619209343435,0.2000680996943056,1.0,0.6144148383096071,0.42939811777344195
chr7:121038233-121038831,chr7,121038233,121038831,FAM3C,10.0,0.15284129270871438,0.10159968757537467,0.23435516777531343,0.13591686375812204,0.1935982302420139,0.11875827566674835,0.04980769013363214,0.10997239420482072,0.0664002991800653,0.12487778540991652,0.03798717155300473,0.08282503780524568,0.3352602181335654,0.6810710653271758,0.4200389731177956,0.7179997876040362,0.3865735470913622,0.5151567416458616,0.022436420572197864,0.015551908355108607,0.0009509527742023588,0.2092154193982806,0.2097131941316184,0.07396406597132138,0.35984288945092924,0.2811058304552044,0.17542645558489217,0.16453375086278435,0.15966625911244836,0.00976311514847755
chr7:121145689-121146189,chr7,121145689,121146189,FAM3C,10.0,0.04939452228222124,0.010464675881993225,0.08283002471298057,0.050853938695467685,0.0661122734976009,0.03065930728873042,0.09694065605309607,0.0887238873452937,0.11421068607274437,0.10946885909899223,0.0710307745313368,0.058708911877819056,0.7881409638461077,2.609304942224144,0.38604462727513517,1.8994268756862986,0.5362539258335592,1.4983987591237815,0.46846072562119756,0.392841520688501,0.2519911991268691,0.894705998681715,0.6342721308340178,0.6336070182033061,0.5684103716405432,0.6996529991905046,0.5007538879560756,1.0,0.9452749091567054,0.8084717638653718
chr7:121170110-121172117,chr7,121170110,121172117,FAM3C,10.0,0.26552372094309473,0.27580814849027907,0.3505981131958918,0.2540504179008604,0.3080609170694933,0.26492928319556974,0.08855979330917699,0.09316382723688406,0.11952196200489609,0.11366855118477756,0.06687151293840214,0.08429454314528376,-0.03873261308125619,0.5409732422453022,0.2753799625872108,0.3888936711070041,0.1400100807470939,0.3352518726345428,0.0002103352536984668,0.0005966036466796224,1.2286007762706482e-06,0.0009222178437128165,0.020398732328017158,0.00015200600631087364,0.8914880907190192,0.19856267020961382,0.4341816926717328,0.0035990698966182097,0.011484620198582731,2.702921707795426e-05
chr7:121184202-121185310,chr7,121184202,121185310,FAM3C,10.0,0.366919644169137,0.2326010572054995,0.3629021898051502,0.46435214160121596,0.36491091698714373,0.34847659940335773,0.0737784061267795,0.08491389042387874,0.0774598278473752,0.05016340057463783,0.06093838429224291,0.03610032189184747,0.36607085256444155,0.2270192747819671,-0.27955177633548156,0.23550143447223731,0.045036519377042714,0.18928085217099364,7.759066408339726e-07,0.0003035604517702929,2.4377583770763898e-08,0.00441946940719689,3.840677051048116e-05,8.39774842300474e-07,0.011540569646237796,0.044995738720916,0.6520449451913749,2.987240567210794e-05,0.006937735962079937,7.508295801395282e-07
chr7:121197239-121197996,chr7,121197239,121197996,FAM3C,10.0,0.04393484454323686,0.012772876621141616,-0.03226396931861886,0.20298005265724423,0.005835437612309013,0.10787646463919294,0.034455348574276776,0.09626490773347757,0.12526451477862227,0.12929639143615917,0.06898604503949604,0.10376074367481382,0.7092768449750242,2.290283570935608,7.291230029781461,-6.078309463232143,-17.486439545106567,23.68603761835291,0.4996541356155385,0.7403083887732866,0.9188348574235963,0.8723574040978695,0.06378430742323006,0.11121496439635892,0.5588564106136702,0.043225980365438024,0.18181590547794757,1.0,1.0,1.0
negative_control,negative_control,,,FAM3C,50.0,9.103828801926283e-17,0.0,2.753353101070388e-16,-4.4408920985006264e-17,1.9095836023552692e-16,-1.3322676295501878e-17,0.05591655867612116,0.06638772187406458,0.08084862825737066,0.0901606005479594,0.04784266912890588,0.054551320983311884,0.84,765563820323855.5,0.9533333333333333,356738314880641.56,1.88,670238818897902.2,1.0,1.0,1.0,1.0,1.0,1.0,0.9999999999999982,0.9999999999999958,0.9999999999999956,1.0,1.0,1.0
chr7:120938534-120939250,chr7,120938534,120939250,WNT16,7.0,0.7668572099356286,0.8494421335499306,0.5310276412870978,-0.4806129938432106,0.6489424256113632,0.18441456985335988,0.3207994386691757,0.19804304501056164,0.5296621878255747,1.4331237616611958,0.37053624415320485,0.7967154957864736,-0.10769270021107878,0.30371074853255564,1.905062103129523,3.1788546208583526,0.7158229103612321,1.3978756128577667,0.03498351254913551,0.1321523356341224,0.015457230700132926,0.009799565763556154,0.4019190811609834,0.5437866820968182,0.5130591485459001,0.28465222819742264,0.35428056917170564,0.22447753885695285,0.6144148383096071,0.11902067639102354
chr7:120941461-120942727,chr7,120941461,120942727,WNT16,10.0,0.5826040070264566,0.8345723120829149,0.6110962437602497,0.7700064322754512,0.5968501253933531,0.802289372179183,0.2767807596824525,0.11633554925298507,0.20778426412216358,0.2868508660428777,0.1553198381327826,0.1644361092446087,-0.43248639215935897,0.3991541490066686,-0.2600411803178199,0.5628949749024322,-0.3442057529106413,0.4131904729634003,0.0560510149013856,0.03497994592055889,0.006775107771259551,0.0025785543764623377,0.07762563027196424,0.0007350576381041584,0.0626624018560649,0.3888166024688847,0.13695233748056934,0.3452742517925353,0.28352166693505626,0.05796481093188727
chr7:121036122-121036876,chr7,121036122,121036876,WNT16,10.0,-0.015449335609641868,-0.15045834483749454,-0.544621827464834,-1.1899151815638036,-0.280035581537238,-0.6701867632006492,0.4503956613736174,0.5034935164644271,0.5844372381802762,1.0819841029508923,0.37352465343064845,0.6369578043374495,-8.73882299142973,-40.684801763546254,-1.1848466615867246,-2.7705686480180853,-1.3932200312606713,-3.3416166379413297,0.9602812327091041,0.08180059245991471,0.21890290331766216,0.6008717424953691,0.01745722956577408,0.013378459852327176,0.6836340903427403,0.42361789106604897,0.43492209460632225,1.0,0.484511201493341,0.7703225676865263
chr7:121037370-121037870,chr7,121037370,121037870,WNT16,10.0,-0.38751020448865675,-0.07814849933158338,-0.06425981553145994,0.5707949793055108,-0.22588501001005837,0.24632323998696376,0.6752221555751017,0.797958054190661,0.3340351887647521,0.3246918394578244,0.32109396527978623,0.38264522697937114,0.7983317641023022,-3.1160891065823284,9.88261154478519,-5.73816257751557,2.090480682963405,-2.299292669808361,0.24245336188673614,0.8247092868486878,0.311744767728609,0.8060487741074905,0.18949181569309015,0.30400298572583134,0.6276202249489446,0.008183513447614034,0.10843297601396279,0.8206335907357657,1.0,0.8945906280225798
chr7:121038233-121038831,chr7,121038233,121038831,WNT16,10.0,0.013368126315141704,0.031050521737314717,0.06870647079506792,0.24795160621805917,0.04103729855510474,0.13950106397768697,0.5054339373806681,0.4265284805602716,0.4480338548632834,0.3967203532608503,0.3721291871170274,0.30037939034986344,-1.3227280327344415,58.23329244501868,-2.608853770958913,10.40125980984573,-2.3993724950087882,13.339610748424052,0.9660781844512374,0.8173857752656213,0.8560374674179183,0.9120496434640968,0.5689655716388256,0.5494900759560055,0.9654620380662992,0.6347623993221063,0.7325470402731484,1.0,1.0,1.0
chr7:121145689-121146189,chr7,121145689,121146189,WNT16,10.0,-0.053949487062995315,0.24215334963628604,0.2802638871153687,0.09049451775511871,0.11315720002618665,0.16632393369570245,0.21824302666023934,0.45761681864450937,0.3323499350863216,0.4321429512086643,0.19783892839954725,0.31038520480017207,5.488519962266378,-9.167028776744788,0.6771096030725239,1.8501635790828608,-0.46984843790065506,3.3059278870617304,0.8562321111738369,0.335720764641085,0.5993850125372462,0.394481405833226,0.8357401200415073,0.476966346804243,0.2707150804644209,0.4913812003672462,0.786876083718687,1.0,0.8890229920656433,1.0
chr7:121170110-121172117,chr7,121170110,121172117,WNT16,10.0,0.3648379365194121,0.08443281357280204,0.07433863628737053,0.35141945443421363,0.21958828640339134,0.21792613400350785,0.521751612560732,0.4681957649334352,0.40207140728983687,0.40181928095300595,0.29000419882402556,0.2571693951312731,0.7685744679451404,2.204437606361215,-3.727278733978019,8.817961938482085,0.007569403756036675,1.860689090260162,0.2504531088609155,0.8006029914460397,0.32075643977890106,0.7665861802430637,0.42042100988261655,0.345599350014574,0.5115915648347682,0.4288238536875597,0.993812152356399,0.8206335907357657,1.0,0.8945906280225798
chr7:121184202-121185310,chr7,121184202,121185310,WNT16,10.0,0.5628330320297328,0.6761047351793045,0.7356753318536159,0.5836605453631474,0.6492541819416744,0.6298826402712259,0.3222143317499508,0.28685885719217946,0.253375466777201,0.44472684698,0.18268333742603401,0.28396839915103106,-0.20125276361460578,0.8226611779282245,0.20663298048535947,0.6962707302068589,0.029836606693106685,0.562464070270279,0.06656426732228535,0.012337290882844965,0.0035484030558665036,0.015517118626251544,0.18500690021337513,0.008367697747616767,0.6430288941160545,0.5750658055141722,0.9194727009747106,0.3826380247260495,0.14813077836303312,0.03214435709432009
chr7:121197239-121197996,chr7,121197239,121197996,WNT16,10.0,-0.2762326617133596,0.02156253554068689,0.2002396266110021,0.1814920724899925,-0.03799651755117872,0.10152730401533963,1.0383045561513662,0.6408319069529322,0.4463620492250664,0.5387869214477399,0.469612974611796,0.4026955749035408,1.0780593265363454,-4.56359704072706,0.09362559468526041,2.6821724273277163,3.6720160309057293,-17.873021287085493,0.45985462305253166,0.5015333435788085,0.8714956402897283,0.9427667568485053,0.6816591411377309,0.6727051866524023,0.6543481168927167,0.9469496211159473,0.6965790368813657,1.0,0.9921515599564792,1.0
negative_control,negative_control,,,WNT16,50.0,-3.552713678800501e-17,8.881784197001253e-18,-2.020605904817785e-16,-5.329070518200751e-17,-1.4654943925052067e-16,4.440892098500626e-18,0.2546695368232233,0.22954063644081707,0.24314006483070136,0.36906360176866987,0.1826100386325926,0.19332774782763235,-inf,inf,0.81,-1978855817573263.8,0.62,-1020969027430557.4,1.0,1.0,1.0,1.0,1.0,1.0,0.9999999999999997,0.9999999999999993,0.999999999999999,1.0,1.0,1.0
chr7:120938534-120939250,chr7,120938534,120939250,ING3,7.0,0.19032783740627046,-0.25186079717289866,0.1373267104874838,0.3883850841159217,0.16382727394687713,0.06826214347151151,0.3998595629428659,0.4392099604901298,0.5127914730092905,0.3808604591824109,0.3780818031214769,0.32078611374406757,2.3232998420261612,2.560056106373933,-1.8281831170150968,4.5213691050045535,0.5833285763294438,2.771742287527927,0.45542141119502133,0.49696774666226196,0.38662682662482384,0.312653385967913,0.10924018402328917,0.7005764861861705,0.12559594872411803,0.45824315654040293,0.6943117997807091,1.0,0.9921515599564792,0.9603311500035946
chr7:120941461-120942727,chr7,120941461,120942727,ING3,10.0,0.04398199140032107,0.08765206348899039,-0.0667245365126409,0.15921188920654053,-0.011371272556159906,0.12343197634776545,0.2397693297569371,0.14963443346442729,0.21834088615950933,0.2813773949459394,0.15223892172389988,0.10733145697250106,-0.9929080220853868,5.352309812190715,3.386107083357225,-5.200084189357446,11.854719710407577,-15.343764692866715,0.8345840225626046,0.6717497148170438,0.9398513153606421,0.6604537527626362,0.4310917064845702,0.3866100565982312,0.7245511564612536,0.23380531529743942,0.16424559046548123,1.0,1.0,1.0
chr7:121036122-121036876,chr7,121036122,121036876,ING3,10.0,0.013857396731464466,0.0935826969085389,-0.015481903673629838,0.2888590678333619,-0.0008122534710826689,0.19122088237095042,0.23524124337310043,0.20184365257092637,0.2576714521109559,0.2815462855874131,0.1696265978712572,0.1850441352455315,-5.753266773119918,17.113065178405833,19.65785202664509,-18.097257818748698,236.42020955119335,-254.6872471656426,0.9474700420674449,0.9230252818934497,0.995725075075153,0.6428200199794416,0.15569346583270116,0.19343450382401897,0.5264348296961558,0.06212054666280214,0.10219689083289282,1.0,1.0,1.0
chr7:121037370-121037870,chr7,121037370,121037870,ING3,10.0,-0.32338812237846926,0.18200463810394527,-0.1760584148809771,0.001794436454788484,-0.2497232686297232,0.09189953727936691,0.25772820142847597,0.22076095224526765,0.272031728018668,0.2314293593294423,0.19765847427910008,0.14229279510628,1.5628055748161969,-0.9727762880718305,1.0101922788297382,-2.1403328505114874,1.3680055037867966,-1.262039191570179,0.1302638324082121,0.2777495629029707,0.1071431229945013,0.3705988165676478,0.9927889055515211,0.5229211011107576,0.011759832817262927,0.37906120968864543,0.06257122995167362,0.6471171029311181,0.8661190169133864,0.500001240641006
chr7:121038233-121038831,chr7,121038233,121038831,ING3,10.0,-0.30047792741019547,0.1581444052677372,-0.030721108908908445,0.15531721782021427,-0.1655995181595519,0.15673081154397575,0.39959721895051575,0.1678995362341114,0.19407684348561213,0.20229950675074837,0.16413506094985503,0.09273129136461887,1.5263095583451876,-1.4654823787477134,6.055716519893472,-9.270195575223779,1.9464448525325355,-1.182173362279902,0.1795326329818109,0.8436882038950789,0.27622096936480206,0.43052558176772215,0.4316566491916036,0.2708813262897657,0.07160828698199517,0.2324302297694272,0.010370153263281756,0.691200636979972,1.0,0.8507605856435904
chr7:121145689-121146189,chr7,121145689,121146189,ING3,10.0,-0.08875693898317226,0.07969234955486923,0.11415975100134297,0.32139759076004815,0.012701406009085325,0.20054497015745865,0.3134425910470585,0.18748584419392486,0.17215208097571635,0.20580092679225218,0.15861468016684044,0.15132736507477346,1.8978717660596491,-4.756646129655282,-1.8153319181316987,2.0463373673731735,-14.78919452019778,19.416940811126082,0.6803173565168555,0.4610636107554268,0.9329742155586991,0.6918404408661355,0.10701092942866598,0.16736955349164326,0.45427978817821,0.11608064801999812,0.1696744169006231,1.0,0.977772774419502,1.0
chr7:121170110-121172117,chr7,121170110,121172117,ING3,10.0,-0.03558052707386513,0.10484782803212674,0.02765572995261607,0.008801853851805718,-0.003962398560624514,0.05682484094196618,0.13335460121868986,0.2892887721233957,0.38817022199089257,0.20088258665036537,0.199676276957163,0.15558709369220713,3.9467755723365947,-7.8807924875516475,0.6817348930262747,19.039198335300114,15.341020993357583,-74.97613935394014,0.8628320074601936,0.872716075603074,0.9793898602213589,0.6124558127202948,0.9643474254106474,0.6938653555058122,0.3519523372224702,0.9455838501606797,0.6977454993974039,1.0,1.0,1.0
chr7:121184202-121185310,chr7,121184202,121185310,ING3,10.0,-0.3142529802598273,-0.09128393386451109,-0.3439414706516824,0.14692383163169312,-0.32909722545575476,0.02781994888359096,0.25659306766294154,0.41272402012105813,0.3237835512334126,0.16577153445887965,0.22412318000667888,0.24147061351034588,0.7095208650398901,-1.698959461086653,1.4271768430637615,-1.060864644356564,1.0845341337808736,-1.1216634827009115,0.14113283032012086,0.041851026745648306,0.037247180598143886,0.6738813755212545,0.4529976540659407,0.8528232433038281,0.4341877588919063,0.027056229037312286,0.09059205966773226,0.6574761766138694,0.322252905941492,0.212446881930154
chr7:121197239-121197996,chr7,121197239,121197996,ING3,10.0,0.023289412617158244,0.050034096820155326,-0.2095181494492854,0.2085921148272977,-0.09311436841606356,0.12931310582372646,0.2563970991012144,0.23005218479181452,0.20530986657705508,0.2270924824335954,0.11666705994933577,0.0888281051496541,-1.1483623328178467,10.770049858764219,1.995580169906896,-0.7799498390676719,2.388755656333471,-0.9613737319141616,0.9123352827713228,0.183948240100759,0.5330827684896736,0.8054364238490789,0.2951475609997474,0.3624384897130577,0.8391126419989828,0.0007241453014916445,0.0008834262320590925,1.0,0.7868896937643579,1.0
negative_control,negative_control,,,ING3,50.0,1.1324274851176597e-16,1.687538997430238e-16,1.7541523789077474e-16,1.8207657603852566e-16,1.2434497875801754e-16,1.687538997430238e-16,0.17664959086089865,0.1704158993977375,0.12980522884776935,0.16628751763118058,0.1273239418865337,0.12144692978941847,-0.64,2329454620055074.5,-0.02,630467816762235.2,-0.2,1688643215142034.2,1.0,1.0,1.0,1.0,1.0,1.0,0.9999999999999996,1.0,0.9999999999999996,1.0,1.0,1.0
chr8:128227157-128228376,chr8,128227157,128228376,MYC,10.0,0.38058349105957745,0.24097659764628868,0.03469191018748128,0.19910221012684387,0.20763770062352935,0.2200394038865663,0.10256371554781554,0.15257669737431798,0.3528375042829075,0.28776445669340855,0.16579876595963008,0.15583855330472526,0.3668233034086976,0.4884933154455548,-4.739153856067895,6.231763540641558,-0.05972760835722503,0.8954781031119655,0.00421145926756369,0.7987272789358582,0.016646984006439765,0.09529681073653098,0.21923099978620572,0.055876660478537794,0.17515301118194265,0.17026956111246214,0.8988641699622139,0.04632605194320059,1.0,0.12207788271389163
chr8:128234787-128235645,chr8,128234787,128235645,MYC,10.0,0.41624085929543336,0.30467301359373133,0.2943499060562317,0.44116406065076247,0.3552953826758325,0.3729185371222469,0.12489781512492637,0.2183001649999452,0.12290515926677402,0.16084416955578099,0.08932010743406842,0.15378588945881724,0.2680367465379342,0.4792831858125956,-0.4987742532742099,0.6108507839447345,-0.04960141703415709,0.3053139419908921,0.0020144765924566396,0.012504546225450849,2.9665225212913136e-05,0.04158684250577907,0.005077741626519968,0.00160423138853929,0.3014885615835592,0.14397695609346522,0.7574296785444748,0.025852449603193543,0.14813077836303312,0.0005076049647542915
chr8:128745963-128748688,chr8,128745963,128748688,MYC,10.0,0.22592523505795326,0.26788923114012003,0.04691028085583424,0.1524301824771841,0.13641775795689373,0.21015970680865204,0.13823532679800077,0.15162772730198573,0.09554804785804769,0.17549753733512533,0.09663882360308905,0.14354284249497354,-0.18574284573125438,1.0002203563993826,-2.2493982064536295,3.6592414491258767,-0.540559747910971,1.1444561309633738,0.08600362987408607,0.6793304851508062,0.08876575580996766,0.06433580646913921,0.3208666420284572,0.06558673655732371,0.7242800403589735,0.2589877923184074,0.3787233808005247,0.4567089310554915,1.0,0.4409653675720974
chr8:130697154-130698290,chr8,130697154,130698290,MYC,10.0,-0.044671423325243445,0.0013782224620785156,0.06058154122700453,-0.03217975874700142,0.007955058950880545,-0.015400768142461463,0.14295402311309602,0.22633124429852247,0.09387701748898745,0.19101776066790038,0.09933313972535363,0.18967206186907465,1.030852441213793,-5.6678366191277885,1.5311809190594967,3.8905013831219506,2.935971592109537,26.643057618093252,0.73157853522167,0.5934067493696491,0.9201081484247491,0.9925412129996962,0.8343038459197991,0.8941672630168513,0.7296953975745457,0.46024521550354835,0.8338150970831193,1.0,1.0,1.0
chr8:130719768-130720689,chr8,130719768,130720689,MYC,10.0,0.1321435766765425,-0.11342526096494084,-0.007866577406195552,0.12900893841395117,0.06213849963517344,0.0077918387245051405,0.25144509327844045,0.2554547683254847,0.11531082147984913,0.22701133497676873,0.09975158880601087,0.15332281942631198,1.8583486524099473,3.461559258458795,17.399627404968797,-24.801621235253275,0.8746052967121415,3.1108836064886454,0.3400653862900931,0.9451267000712512,0.434714364711999,0.44988046457936826,0.4101628861298757,0.9450727693546606,0.3201231574936223,0.20237688235322782,0.595017840246632,1.0,1.0,0.9990244592100832
negative_control,negative_control,,,MYC,50.0,4.884981308350689e-17,-9.992007221626409e-17,3.3306690738754695e-17,8.881784197001253e-17,3.552713678800501e-17,-1.3322676295501878e-17,0.10944744413285534,0.12020585714854769,0.09657232346894844,0.1281942883685024,0.06605905040264604,0.09352307988722758,inf,inf,-0.46,1650445396399075.2,inf,inf,1.0,1.0,1.0,1.0,1.0,1.0,0.9999999999999987,0.9999999999999996,0.9999999999999993,1.0,1.0,1.0
